,attraction_id,score,cnt
0,127484,4.2,10
1,125817,2.4,10
2,126237,2.3,10
3,126012,2.3,10
4,126238,2.4,10
5,127575,3.2,10
6,2795061,2.8,10
7,126239,2.5,10
8,127220,2.4,10
9,127586,2.0,10
10,125586,2.5,10
11,125584,3.0,10
12,125813,2.6,10
13,126630,2.8,10
14,127465,2.7,10
15,125591,2.8,10
16,127672,2.8,10
17,2747100,3.3,10
18,2759617,2.8,10
19,126594,2.9,10
20,127590,2.6,10
21,126026,2.7,10
22,126025,3.0,10
23,125587,2.4,10
24,125590,2.9,10
25,125818,1.8,10
26,988187,3.2,10
27,127686,3.4,10
28,126014,3.3,10
29,126015,2.5,10
30,126027,3.5,10
31,127567,2.6,10
32,125588,2.6,10
33,126016,3.4,10
34,125589,3.1,10
35,125449,2.6,10
36,128001,3.0,10
37,128002,3.0,10
38,127673,3.4,10
39,125815,3.2,10
40,126241,3.2,10
41,127574,2.7,10
42,126017,3.0,10
43,126248,2.9,10
44,125457,2.6,10
45,126859,2.6,10
46,126024,2.2,10
47,2858467,2.4,10
48,126240,3.2,10
49,126021,3.1,10
50,125819,2.4,10
51,126019,2.8,10
52,126590,2.4,10
53,126249,2.4,10
54,127530,3.3,10
55,126042,2.6,10
56,127806,2.0,10
57,129536,2.6,10
58,127502,3.2,10
59,128207,2.0,10
60,126040,3.2,10
61,126863,2.2,10
62,127970,2.8,10
63,126258,2.8,10
64,125453,2.2,10
65,126900,2.2,10
66,126038,2.2,10
67,1622663,3.2,10
68,2633896,2.0,10
69,129212,3.0,10
70,2414769,2.5,10
71,127433,2.1,10
72,2755024,2.9,10
73,127725,3.0,10
74,127816,3.4,10
75,704151,3.2,10
76,127432,3.4,10
77,2773857,2.6,10
78,2478983,2.4,10
79,127852,2.8,10
80,2774110,2.6,10
81,2782765,2.2,10
82,128981,3.2,10
83,756590,2.5,10
84,2508220,2.7,10
85,2675068,3.2,10
86,127497,3.2,10
87,127901,2.2,10
88,2723320,2.6,10
89,128958,2.8,10
90,2769683,3.4,10
91,2790930,2.7,10
92,129206,3.3,10
93,1603482,2.6,10
94,2638439,3.2,10
95,2414865,2.5,10
96,2774274,2.4,10
97,2755480,2.8,10
98,2753886,2.4,10
99,128120,2.4,10
100,2758443,3.0,10
101,2742300,2.3,10
102,2514731,2.6,10
103,2778965,2.6,10
104,129423,2.1,10
105,2774013,3.0,10
106,2781609,2.2,10
107,2633910,2.6,10
108,2675000,3.2,10
109,2602619,3.0,10
110,128986,2.8,10
111,127817,3.5,10
112,2633912,3.2,10
113,2606226,3.1,10
114,2711376,3.6,10
115,730441,2.4,10
116,128626,2.6,10
117,250456,3.8,10
118,129702,3.4,10
119,407030,2.6,10
120,126472,2.9,10
121,2742135,3.2,10
122,1312443,2.6,10
123,2002126,2.8,10
124,2850704,2.8,10
125,2736675,3.2,10
126,2776835,2.2,10
127,2738734,3.2,10
128,125445,2.3,10
129,2836814,3.3,10
130,2745739,3.3,10
131,2589349,2.5,10
132,749216,3.5,10
133,2674763,3.0,10
134,2490928,2.5,10
135,129276,3.5,10
136,523999,2.6,10
137,2513888,3.2,10
138,2593258,3.2,10
139,2759974,2.6,10
140,128111,2.8,10
141,407051,3.5,10
142,2738090,2.7,10
143,2007741,3.9,10
144,128167,2.4,10
145,128219,2.4,10
146,2498883,3.4,10
147,2606922,2.8,10
148,127196,3.4,10
149,2782687,2.8,10
150,561105,2.8,10
151,126464,3.1,10
152,2755505,2.4,10
153,2747802,3.0,10
154,2761690,2.6,10
155,1395991,2.2,10
156,2736822,2.6,10
157,523741,3.2,10
158,2789674,2.9,10
159,2841245,2.4,10
160,1605036,3.0,10
161,631568,2.8,10
162,1604580,2.9,10
163,1607565,2.8,10
164,2479639,2.2,10
165,128834,2.8,10
166,1350823,2.4,10
167,2606220,3.8,10
168,129190,2.7,10
169,2782739,1.6,10
170,2738669,2.3,10
171,127820,2.0,10
172,129601,2.6,10
173,2710597,3.4,10
174,741109,3.1,10
175,2792635,2.8,10
176,617327,2.0,10
177,778219,2.0,10
178,128202,3.6,10
179,2675046,3.0,10
180,2753082,2.8,10
181,2545307,2.7,10
182,2512164,3.4,10
183,2772738,2.6,10
184,2675098,3.1,10
185,662268,2.6,10
186,2751657,2.9,10
187,2022638,3.3,10
188,2032072,2.2,10
189,2781591,3.2,10
190,2514792,2.6,10
191,127045,3.0,10
192,802844,2.2,10
193,127514,3.4,10
194,741658,2.6,10
195,127823,3.0,10
196,2754745,2.0,10
197,2782782,2.6,10
198,2015768,3.4,10
199,126500,1.2,10
200,1899635,2.9,10
201,2756696,3.4,10
202,2514563,4.0,10
203,2738730,3.2,10
204,2665727,2.1,10
205,128132,2.6,10
206,1116925,2.8,10
207,1118418,3.3,10
208,2767573,2.9,10
209,2733968,2.9,10
210,2704116,2.6,10
211,128080,2.6,10
212,2757536,2.7,10
213,2734903,2.2,10
214,2591792,3.0,10
215,2733966,2.8,10
216,2742052,2.4,10
217,2767580,3.0,10
218,2767474,3.1,10
219,2756567,2.8,10
220,1114780,2.8,10
221,2675002,3.0,10
222,2736668,3.4,10
223,2754720,2.6,10
224,2035859,2.9,10
225,2759606,2.6,10
226,2736410,2.8,10
227,2591797,3.0,10
228,2380837,3.0,10
229,2739469,2.6,10
230,250252,3.6,10
231,127075,3.0,10
232,2764911,3.2,10
233,2733981,2.8,10
234,1959084,3.6,10
235,228874,2.9,10
236,753768,2.6,10
237,126124,3.4,10
238,126824,3.6,10
239,2738018,3.5,10
240,127445,2.0,10
241,2774020,2.4,10
242,2744498,2.5,10
243,2783785,3.2,10
244,2795458,2.1,10
245,2795448,3.2,10
246,2741600,3.7,10
247,1622646,2.6,10
248,2736436,1.6,10
249,129600,2.6,10
250,2783012,2.6,10
251,2661435,2.2,10
252,129501,2.1,10
253,2759981,2.8,10
254,2736404,2.8,10
255,2784060,3.0,10
256,127859,3.0,10
257,2788143,3.2,10
258,2736408,2.2,10
259,2758252,2.9,10
260,2733839,2.6,10
261,127356,3.2,10
262,2733971,3.6,10
263,2784217,3.6,10
264,2767605,2.6,10
265,2770311,2.4,10
266,2767575,3.0,10
267,2767598,3.4,10
268,753946,2.7,10
269,2767603,3.2,10
270,1592428,3.4,10
271,2783805,3.0,10
272,2738075,2.8,10
273,2767888,3.8,10
274,2742203,2.7,10
275,126661,3.0,10
276,126130,3.8,10
277,126131,2.4,10
278,2612261,2.4,10
279,2753103,3.4,10
280,2783911,2.4,10
281,2745729,3.3,10
282,2744600,1.8,10
283,127515,2.2,10
284,753948,2.3,10
285,2767612,2.9,10
286,2746261,2.4,10
287,126136,2.6,10
288,126320,2.7,10
289,756602,3.6,10
290,2751255,3.4,10
291,2748342,3.0,10
292,1119452,3.0,10
293,2746270,2.5,10
294,128810,3.4,10
295,2733843,2.6,10
296,2747752,2.6,10
297,126487,2.8,10
298,2759992,2.6,10
299,2853109,2.4,10
300,2742299,2.8,10
301,2734984,2.9,10
302,2613660,2.1,10
303,2790504,3.0,10
304,2733049,1.6,10
305,129559,3.0,10
306,2650756,2.4,10
307,2751115,2.9,10
308,1608758,3.5,10
309,2739476,2.7,10
310,2736857,3.1,10
311,2784360,2.8,10
312,2750380,3.8,10
313,2854739,2.6,10
314,128721,2.8,10
315,2715701,2.9,10
316,2762854,2.7,10
317,753981,2.1,10
318,1603543,2.3,10
319,2751348,1.8,10
320,2792677,3.2,10
321,2755824,3.0,10
322,2753903,3.8,10
323,2765400,3.0,10
324,2741595,3.2,10
325,2781864,2.6,10
326,2757178,2.6,10
327,970138,2.6,10
328,2781841,2.8,10
329,2781847,2.8,10
330,2747813,2.1,10
331,2736371,2.6,10
332,2715639,2.6,10
333,2768156,2.2,10
334,2732536,2.4,10
335,2736383,2.4,10
336,127940,2.4,10
337,2758666,2.0,10
338,915245,3.4,10
339,2704108,2.8,10
340,1115299,1.9,10
341,2746304,2.8,10
342,126119,2.6,10
343,2767563,2.9,10
344,127943,2.6,10
345,126704,3.0,10
346,126837,2.2,10
347,126943,2.6,10
348,128777,3.2,10
349,2747819,3.2,10
350,1117141,3.8,10
351,2759943,2.2,10
352,126454,3.8,10
353,2406101,3.4,10
354,2785762,3.8,10
355,2758677,2.8,10
356,126325,2.7,10
357,127942,2.7,10
358,2773287,3.2,10
359,2738181,3.0,10
360,2784012,3.8,10
361,127049,2.3,10
362,2853484,2.6,10
363,2769690,2.9,10
364,2613673,2.6,10
365,126488,3.0,10
366,2777948,2.4,10
367,2769699,2.6,10
368,1118475,3.0,10
369,2723331,2.4,10
370,1622203,3.0,10
371,2751835,2.4,10
372,2606194,2.8,10
373,2783863,3.4,10
374,2740051,2.4,10
375,2767590,3.4,10
376,1315472,3.4,10
377,2773409,2.6,10
378,2793207,3.0,10
379,2495561,3.0,10
380,1369066,2.6,10
381,2733983,3.2,10
382,2733848,2.5,10
383,2763714,2.4,10
384,2781854,2.3,10
385,2739474,3.2,10
386,2744504,2.3,10
387,2751283,1.8,10
388,2661405,2.8,10
389,1622479,2.6,10
390,1624755,2.2,10
391,1116129,2.8,10
392,127372,3.0,10
393,2733850,2.6,10
394,2745732,1.9,10
395,2759662,2.6,10
396,1604697,2.6,10
397,1622854,3.4,10
398,2782682,2.5,10
399,129585,2.4,10
400,2758469,3.1,10
401,2708741,2.3,10
402,128571,2.0,10
403,2777956,2.2,10
404,128519,3.2,10
405,2769710,2.6,10
406,2769715,2.6,10
407,2736387,2.7,10
408,250454,2.8,10
409,2782677,3.0,10
410,1114598,2.6,10
411,2752336,3.2,10
412,126858,2.9,10
413,127544,2.6,10
414,2732599,2.6,10
415,2760778,2.6,10
416,2784354,3.8,10
417,2736013,2.6,10
418,2745735,2.1,10
419,1604733,2.4,10
420,2825936,2.2,10
421,2825937,2.8,10
422,2747045,2.8,10
423,2762912,3.1,10
424,2414812,2.5,10
425,2745586,2.4,10
426,126568,2.3,10
427,2758477,2.8,10
428,250453,2.8,10
429,128998,3.6,10
430,1603175,2.4,10
431,1619731,2.4,10
432,1181011,3.2,10
433,127613,2.8,10
434,1624639,2.8,10
435,2738070,2.4,10
436,2612095,2.8,10
437,2763829,2.4,10
438,2747049,3.5,10
439,2744541,2.6,10
440,2569469,2.0,10
441,2773271,2.6,10
442,2724713,3.0,10
443,2612214,2.4,10
444,1059877,3.4,10
445,2678991,3.0,10
446,2606914,3.2,10
447,2612858,3.0,10
448,2747054,2.8,10
449,127955,2.4,10
450,2774305,2.7,10
451,2746381,2.8,10
452,2611679,2.6,10
453,2779065,1.9,10
454,2767777,2.6,10
455,2732172,3.6,10
456,127710,4.2,10
457,1603237,2.1,10
458,2766152,2.4,10
459,2738036,2.8,10
460,2762750,2.4,10
461,2753108,3.0,10
462,2742316,1.8,10
463,128054,3.2,10
464,754063,3.2,10
465,866393,2.2,10
466,2611735,2.2,10
467,2736380,3.2,10
468,2778188,2.1,10
469,127362,3.0,10
470,2606236,3.3,10
471,2751265,2.6,10
472,2732640,3.5,10
473,2774854,2.9,10
474,814255,2.4,10
475,126532,3.0,10
476,1019041,2.8,10
477,2767686,2.9,10
478,2749064,3.2,10
479,126825,3.5,10
480,2569470,2.4,10
481,2714856,2.4,10
482,1116877,2.6,10
483,2732181,3.2,10
484,2782005,2.8,10
485,250374,2.8,10
486,2708092,2.4,10
487,2675091,2.6,10
488,1597942,3.0,10
489,879086,3.0,10
490,2674960,1.9,10
491,2760707,3.3,10
492,128040,2.8,10
493,2781584,3.0,10
494,2766149,1.9,10
495,2770082,2.6,10
496,2751857,2.6,10
497,2751853,2.9,10
498,2744478,3.8,10
499,2591829,2.2,10
500,2764307,3.4,10
501,970636,2.8,10
502,2744481,2.8,10
503,128027,2.6,10
504,2790502,2.8,10
505,2757127,2.8,10
506,2766160,3.3,10
507,2615313,2.4,10
508,331506,2.5,10
509,2738397,2.8,10
510,125519,3.2,10
511,970460,3.0,10
512,2767614,2.2,10
513,2755657,2.4,10
514,2611601,2.7,10
515,2787949,2.5,10
516,2741599,3.0,10
517,126491,2.7,10
518,2564150,2.8,10
519,2732194,3.0,10
520,745313,3.0,10
521,2661528,2.0,10
522,126330,2.8,10
523,1627495,2.8,10
524,2733838,3.3,10
525,2741603,2.6,10
526,2755009,2.5,10
527,128623,3.2,10
528,126324,2.4,10
529,2742233,2.5,10
530,2774839,1.8,10
531,2736428,3.1,10
532,1182422,2.0,10
533,2784667,3.4,10
534,128586,3.1,10
535,2606208,2.5,10
536,2591838,3.0,10
537,127376,2.7,10
538,1623912,2.7,10
539,129507,2.2,10
540,127269,2.8,10
541,2751292,2.8,10
542,2762885,2.6,10
543,125868,3.2,10
544,742535,2.7,10
545,2784169,3.0,10
546,2044361,2.8,10
547,1600871,3.6,10
548,2830827,3.0,10
549,2756836,2.1,10
550,2733844,2.2,10
551,129534,2.8,10
552,2758655,2.8,10
553,2744454,3.4,10
554,1114020,2.4,10
555,2738720,2.0,10
556,125512,2.6,10
557,2742199,1.8,10
558,127665,2.6,10
559,2774008,2.6,10
560,2788881,3.0,10
561,2786903,2.9,10
562,128211,2.4,10
563,2738405,2.0,10
564,1030763,3.1,10
565,1059638,2.4,10
566,2781620,2.7,10
567,2754741,3.6,10
568,2744441,2.0,10
569,130864,2.1,10
570,2766397,3.0,10
571,2736689,3.4,10
572,2753185,3.6,10
573,2773317,2.6,10
574,1605927,2.7,10
575,125749,2.6,10
576,2744537,2.8,10
577,125734,3.0,10
578,1114618,1.6,10
579,2760891,2.8,10
580,2741604,3.4,10
581,2765594,2.4,10
582,2791357,3.1,10
583,127965,2.2,10
584,2737286,2.8,10
585,129142,3.0,10
586,2761279,3.0,10
587,127619,2.8,10
588,2761275,2.6,10
589,129204,3.6,10
590,736737,2.5,10
591,2766178,2.0,10
592,128985,2.6,10
593,2756706,3.0,10
594,2784677,3.6,10
595,125742,2.8,10
596,125462,2.6,10
597,127257,2.2,10
598,125463,2.8,10
599,125593,2.2,10
600,127508,2.6,10
601,1884202,2.6,10
602,125822,2.4,10
603,2763785,3.5,10
604,799819,1.2,10
605,129537,3.0,10
606,128213,2.8,10
607,127781,2.6,10
608,1576464,2.6,10
609,125600,2.2,10
610,1182200,2.3,10
611,1624429,3.0,10
612,2032450,2.8,10
613,636266,2.6,10
614,2815810,2.6,10
615,2752130,2.6,10
616,750824,2.6,10
617,128704,3.6,10
618,987844,2.6,10
619,127263,2.9,10
620,125612,2.1,10
621,126904,2.0,10
622,1113230,3.3,10
623,126710,2.8,10
624,127825,2.8,10
625,127163,2.6,10
626,531469,2.8,10
627,2819599,3.2,10
628,2733822,2.0,10
629,2661519,2.7,10
630,2758465,2.5,10
631,125606,2.6,10
632,126480,2.2,10
633,2779550,2.9,10
634,125455,3.0,10
635,128128,2.8,10
636,128098,2.6,10
637,126667,3.0,10
638,127785,3.1,10
639,125823,2.6,10
640,127568,2.5,10
641,2793278,3.3,10
642,2755545,3.2,10
643,127302,2.8,10
644,2357761,2.8,10
645,125827,3.0,10
646,126601,3.8,10
647,2714558,3.2,10
648,2357450,2.6,10
649,1945647,2.0,10
650,127826,2.0,10
651,127836,3.1,10
652,129140,3.2,10
653,126251,3.0,10
654,127840,2.2,10
655,127509,2.4,10
656,128574,3.0,10
657,127569,2.6,10
658,126033,2.2,10
659,127844,3.2,10
660,2756593,3.0,10
661,717109,3.4,10
662,2759612,2.8,10
663,2786012,2.7,10
664,125577,3.2,10
665,126035,3.0,10
666,2740127,2.6,10
667,577461,2.4,10
668,127385,3.0,10
669,2704703,2.9,10
670,126670,2.6,10
671,125467,3.6,10
672,127056,3.6,10
673,126643,2.4,10
674,126569,2.6,10
675,128214,2.9,10
676,705532,2.5,10
677,125621,3.0,10
678,127827,3.4,10
679,128701,2.4,10
680,2664734,4.0,10
681,127739,2.8,10
682,125913,2.6,10
683,2738665,2.6,10
684,125465,1.9,10
685,126653,2.9,10
686,756447,2.8,10
687,126481,3.0,10
688,2014608,2.8,10
689,2795779,2.0,10
690,2381393,3.2,10
691,126751,2.6,10
692,125597,3.4,10
693,127649,2.5,10
694,2773863,2.7,10
695,572968,3.0,10
696,125741,1.9,10
697,2675011,2.4,10
698,1985839,2.4,10
699,125468,1.9,10
700,2746351,2.6,10
701,127792,2.8,10
702,128990,2.8,10
703,2704698,2.8,10
704,1115203,2.8,10
705,127824,1.9,10
706,125469,3.2,10
707,127573,3.0,10
708,129034,3.4,10
709,2787232,2.8,10
710,127303,2.6,10
711,125483,2.8,10
712,2614783,3.2,10
713,2752132,3.2,10
714,2740130,2.8,10
715,2736417,3.0,10
716,127577,3.0,10
717,2767529,3.2,10
718,2763687,2.6,10
719,126245,2.7,10
720,126659,2.6,10
721,129479,3.8,10
722,126675,2.8,10
723,129272,2.9,10
724,129273,3.0,10
725,1626995,2.4,10
726,127828,1.8,10
727,2784737,2.9,10
728,127499,2.8,10
729,125613,3.6,10
730,125596,3.2,10
731,2614815,2.8,10
732,127579,1.9,10
733,126244,3.0,10
734,126044,2.3,10
735,126247,2.6,10
736,2731801,3.2,10
737,2614723,2.8,10
738,127081,2.6,10
739,126769,2.6,10
740,2704699,3.0,10
741,2846008,2.9,10
742,2796715,2.6,10
743,2569514,2.8,10
744,2407325,2.9,10
745,126772,3.5,10
746,578670,2.8,10
747,1997570,2.6,10
748,2788101,3.5,10
749,1115042,3.0,10
750,809190,2.6,10
751,2779558,2.6,10
752,2783363,2.8,10
753,126545,3.2,10
754,126482,3.0,10
755,2779449,3.2,10
756,126920,3.6,10
757,2610497,2.4,10
758,126852,3.2,10
759,127580,2.8,10
760,128798,3.0,10
761,127581,3.2,10
762,127861,1.9,10
763,128933,2.8,10
764,127582,2.9,10
765,127668,2.6,10
766,125604,1.7,10
767,2605342,3.6,10
768,561051,2.4,10
769,2847726,2.7,10
770,572973,2.2,10
771,2847703,3.6,10
772,127518,1.8,10
773,2613628,2.0,10
774,127645,2.8,10
775,129684,3.0,10
776,127304,3.0,10
777,126236,3.1,10
778,1994606,3.2,10
779,2633964,3.2,10
780,126896,2.8,10
781,126949,2.0,10
782,2715651,3.4,10
783,126435,3.1,10
784,127503,2.8,10
785,2767624,2.2,10
786,127057,3.0,10
787,129269,3.1,10
788,2792997,3.4,10
789,2615254,2.7,10
790,127513,2.4,10
791,2048756,2.1,10
792,2614642,2.8,10
793,2836910,2.8,10
794,126672,3.0,10
795,2789692,2.8,10
796,598696,2.8,10
797,125472,3.0,10
798,126483,2.6,10
799,129477,2.4,10
800,126434,3.0,10
801,127737,3.7,10
802,2674974,2.6,10
803,2778053,2.8,10
804,127831,2.8,10
805,2740133,2.8,10
806,129614,2.9,10
807,1351320,2.5,10
808,129552,2.0,10
809,2779539,2.0,10
810,2385686,3.0,10
811,127384,4.2,10
812,2614652,2.8,10
813,127260,2.9,10
814,1131275,2.8,10
815,1391494,2.4,10
816,578515,3.0,10
817,650224,2.5,10
818,129220,2.4,10
819,128129,2.3,10
820,126923,2.4,10
821,128017,2.5,10
822,1914614,2.2,10
823,129611,3.0,10
824,128180,1.9,10
825,125618,2.4,10
826,2737297,3.2,10
827,127259,2.8,10
828,129535,2.4,10
829,2366455,2.4,10
830,2705087,3.0,10
831,127301,3.1,10
832,125460,2.2,10
833,127787,2.0,10
834,2713585,2.6,10
835,814123,2.0,10
836,125485,2.0,10
837,125470,3.0,10
838,125821,2.8,10
839,125599,2.9,10
840,2675047,3.6,10
841,125825,2.4,10
842,125458,2.6,10
843,127819,2.6,10
844,126243,2.9,10
845,126246,2.8,10
846,127130,2.8,10
847,128228,2.9,10
848,2783459,3.2,10
849,2675029,2.3,10
850,125484,3.2,10
851,125598,2.3,10
852,127738,3.0,10
853,1874105,3.4,10
854,129490,2.8,10
855,2614846,3.4,10
856,2740123,2.8,10
857,126479,2.8,10
858,1590094,2.9,10
859,716188,3.0,10
860,2754456,2.8,10
861,2745623,2.7,10
862,127300,2.8,10
863,2614727,2.6,10
864,127298,3.2,10
865,1577195,2.6,10
866,126231,2.2,10
867,1351196,2.5,10
868,127741,2.4,10
869,128669,3.6,10
870,125614,2.9,10
871,572984,2.3,10
872,1607623,2.4,10
873,1926379,3.0,10
874,126770,2.5,10
875,127667,3.4,10
876,125617,2.6,10
877,1918417,3.0,10
878,126030,2.4,10
879,127843,2.5,10
880,2778035,3.1,10
881,125461,2.8,10
882,578684,3.8,10
883,126036,2.0,10
884,228858,1.8,10
885,126752,2.6,10
886,125474,2.5,10
887,129083,2.4,10
888,126636,3.4,10
889,716410,2.0,10
890,2616535,2.2,10
891,129623,3.8,10
892,2736676,2.6,10
893,126045,3.0,10
894,125907,2.8,10
895,126924,2.3,10
896,127846,2.4,10
897,127252,3.0,10
898,125452,2.6,10
899,127284,2.2,10
900,2742373,2.0,10
901,127811,2.4,10
902,125595,2.8,10
903,2031668,2.9,10
904,127601,3.4,10
905,126254,3.0,10
906,125459,3.6,10
907,2788098,3.1,10
908,127837,2.8,10
909,2738712,2.5,10
910,125611,3.0,10
911,127297,3.2,10
912,126037,3.1,10
913,125476,2.6,10
914,2714556,2.4,10
915,126586,2.6,10
916,125610,3.2,10
917,125826,2.9,10
918,127635,2.8,10
919,126436,3.3,10
920,126469,2.6,10
921,127126,3.0,10
922,127564,2.6,10
923,125594,3.6,10
924,2715658,2.4,10
925,1705213,3.0,10
926,125473,2.9,10
927,1945662,3.7,10
928,2789998,3.3,10
929,128097,2.0,10
930,125477,2.8,10
931,2736726,3.2,10
932,128290,3.3,10
933,126041,2.6,10
934,127510,2.2,10
935,128625,2.3,10
936,2762931,2.4,10
937,127833,1.8,10
938,126905,1.8,10
939,128205,2.8,10
940,2774103,2.6,10
941,126582,2.4,10
942,687616,3.6,10
943,126678,2.7,10
944,1114802,3.7,10
945,1089831,2.6,10
946,2786106,2.7,10
947,2733419,3.2,10
948,128051,2.6,10
949,2759620,3.1,10
950,125413,2.9,10
951,126745,2.6,10
952,407254,2.4,10
953,126959,2.6,10
954,2606230,2.7,10
955,125417,3.0,10
956,741053,2.8,10
957,125416,1.6,10
958,407252,3.1,10
959,127168,3.6,10
960,126677,2.2,10
961,688257,3.0,10
962,128174,2.8,10
963,127171,2.2,10
964,125420,3.0,10
965,125418,3.6,10
966,129644,3.5,10
967,125412,3.2,10
968,407210,2.9,10
969,407225,2.5,10
970,127167,3.2,10
971,407234,2.8,10
972,127169,3.1,10
973,125409,3.0,10
974,407395,2.6,10
975,125419,2.4,10
976,125410,2.1,10
977,125266,2.6,10
978,127712,4.0,10
979,125430,2.8,10
980,127512,2.9,10
981,126965,2.4,10
982,2662681,3.4,10
983,2447115,3.2,10
984,2769697,3.8,10
985,2553976,2.6,10
986,2754972,2.2,10
987,2710587,3.2,10
988,337517,3.6,10
989,125464,3.0,10
990,127477,3.4,10
991,2638527,3.0,10
992,127821,2.6,10
993,407373,2.6,10
994,125411,2.8,10
995,126939,3.2,10
996,125431,3.0,10
997,128099,3.4,10
998,126963,3.0,10
999,2790512,2.8,10
1000,2633923,2.9,10
1001,789897,2.8,10
1002,2753093,3.0,10
1003,2705058,2.4,10
1004,2661425,1.8,10
1005,2789625,2.2,10
1006,126849,2.1,10
1007,2742424,3.2,10
1008,2661814,3.3,10
1009,125429,2.8,10
1010,126966,2.8,10
1011,126703,2.6,10
1012,407414,3.6,10
1013,2858372,3.3,10
1014,127478,3.0,10
1015,2381381,2.3,10
1016,2031650,2.2,10
1017,407267,2.0,10
1018,2784672,2.4,10
1019,125423,2.5,10
1020,2615385,3.0,10
1021,2750350,3.0,10
1022,125407,2.2,10
1023,125406,3.1,10
1024,1624669,3.0,10
1025,2776832,2.6,10
1026,1125480,2.9,10
1027,2769739,2.8,10
1028,128175,3.0,10
1029,2747164,2.8,10
1030,2748983,2.8,10
1031,2490906,2.6,10
1032,2379537,2.6,10
1033,1621189,2.5,10
1034,252565,2.9,10
1035,127382,2.4,10
1036,125414,3.0,10
1037,129270,2.9,10
1038,2761765,2.4,10
1039,129193,2.5,10
1040,2570330,2.4,10
1041,1059890,2.2,10
1042,2369371,2.8,10
1043,632059,2.7,10
1044,1083960,3.0,10
1045,1916761,2.4,10
1046,2564458,2.6,10
1047,2436209,2.8,10
1048,125448,2.9,10
1049,2750930,2.6,10
1050,407291,3.7,10
1051,127080,1.6,10
1052,407259,2.8,10
1053,127748,2.6,10
1054,2712642,3.2,10
1055,126927,3.5,10
1056,125421,2.0,10
1057,1087135,2.3,10
1058,127378,3.3,10
1059,2407108,3.2,10
1060,127534,1.9,10
1061,129438,2.0,10
1062,1937012,2.6,10
1063,2795081,3.0,10
1064,2033464,2.8,10
1065,127479,2.3,10
1066,125432,3.4,10
1067,1087114,3.0,10
1068,643998,2.3,10
1069,126773,2.5,10
1070,127692,2.0,10
1071,127165,2.0,10
1072,2764137,2.8,10
1073,127531,2.6,10
1074,2789822,3.2,10
1075,2773252,1.5,10
1076,2736683,3.1,10
1077,125408,2.6,10
1078,127929,3.2,10
1079,2737272,2.6,10
1080,2752469,2.8,10
1081,127818,3.8,10
1082,645823,2.2,10
1083,2419040,3.0,10
1084,128068,2.6,10
1085,407172,2.2,10
1086,125428,2.5,10
1087,2732607,2.4,10
1088,1060129,2.4,10
1089,128917,2.7,10
1090,2765246,2.4,10
1091,2738085,3.4,10
1092,127659,2.6,10
1093,127411,3.4,10
1094,2661537,2.8,10
1095,2772886,3.7,10
1096,126233,2.8,10
1097,2774513,2.4,10
1098,127164,3.4,10
1099,2756669,1.6,10
1100,2782565,2.4,10
1101,407202,3.0,10
1102,126958,2.9,10
1103,2795178,2.6,10
1104,127423,2.8,10
1105,1625067,3.0,10
1106,2699943,2.8,10
1107,129681,3.0,10
1108,753397,3.0,10
1109,125833,2.0,10
1110,125831,2.8,10
1111,127050,2.6,10
1112,1625118,2.8,10
1113,2783788,2.8,10
1114,126756,2.8,10
1115,126840,2.3,10
1116,2732252,2.0,10
1117,127536,3.0,10
1118,125630,3.2,10
1119,125651,2.8,10
1120,125645,2.0,10
1121,125642,3.1,10
1122,2568819,2.4,10
1123,126264,2.8,10
1124,127153,2.8,10
1125,126065,3.2,10
1126,125631,2.6,10
1127,127742,3.2,10
1128,126656,3.4,10
1129,129676,2.0,10
1130,128274,2.6,10
1131,2745649,3.1,10
1132,126053,2.9,10
1133,126894,3.5,10
1134,126561,2.8,10
1135,125649,3.1,10
1136,125633,3.5,10
1137,126073,3.2,10
1138,2785992,2.4,10
1139,2611135,2.9,10
1140,125639,2.7,10
1141,127314,2.8,10
1142,125638,2.9,10
1143,126755,3.2,10
1144,126655,2.6,10
1145,129648,2.2,10
1146,2788091,2.3,10
1147,126062,3.0,10
1148,125625,2.8,10
1149,126941,2.3,10
1150,127913,2.4,10
1151,127798,3.0,10
1152,127891,3.3,10
1153,129615,2.3,10
1154,125828,3.0,10
1155,2787474,2.9,10
1156,877636,2.6,10
1157,125641,3.6,10
1158,127315,3.3,10
1159,128083,2.8,10
1160,1288166,2.0,10
1161,126441,2.8,10
1162,126684,2.4,10
1163,2736734,2.9,10
1164,129558,2.6,10
1165,125640,2.8,10
1166,126603,3.6,10
1167,125650,3.0,10
1168,2764930,2.8,10
1169,127141,3.8,10
1170,128100,3.8,10
1171,125829,2.0,10
1172,2792940,3.0,10
1173,127630,2.9,10
1174,125493,2.4,10
1175,2765241,2.0,10
1176,2751258,3.0,10
1177,125677,2.6,10
1178,2606127,3.0,10
1179,125839,2.2,10
1180,125634,2.5,10
1181,127903,3.1,10
1182,125667,2.4,10
1183,126063,3.0,10
1184,126697,2.6,10
1185,126468,3.4,10
1186,127655,2.0,10
1187,128197,2.0,10
1188,127540,2.4,10
1189,809372,3.0,10
1190,2745645,1.9,10
1191,2788012,3.0,10
1192,125492,2.6,10
1193,126072,2.6,10
1194,127442,2.4,10
1195,127640,3.2,10
1196,126702,2.7,10
1197,126269,2.4,10
1198,127135,2.4,10
1199,128754,1.6,10
1200,127398,2.7,10
1201,2792904,2.4,10
1202,125646,2.8,10
1203,2765107,2.8,10
1204,127047,2.0,10
1205,1608785,2.6,10
1206,1608860,3.3,10
1207,126074,2.8,10
1208,125489,2.8,10
1209,128094,2.4,10
1210,126075,3.2,10
1211,127365,2.4,10
1212,126817,2.2,10
1213,1069322,2.6,10
1214,2753964,2.8,10
1215,2738157,3.0,10
1216,2789876,3.2,10
1217,1627287,2.8,10
1218,2389640,3.4,10
1219,1626481,3.0,10
1220,127420,2.0,10
1221,127422,2.4,10
1222,2738711,3.6,10
1223,129645,2.4,10
1224,126692,2.6,10
1225,126654,2.5,10
1226,126267,2.4,10
1227,125836,2.2,10
1228,129661,2.8,10
1229,2788084,2.5,10
1230,126056,2.6,10
1231,126758,2.8,10
1232,2383582,3.0,10
1233,1623717,2.6,10
1234,128160,3.0,10
1235,125834,3.4,10
1236,129617,3.0,10
1237,125816,3.0,10
1238,2733962,2.8,10
1239,127897,2.1,10
1240,127647,2.4,10
1241,127139,1.8,10
1242,127899,2.6,10
1243,125665,2.2,10
1244,125654,2.8,10
1245,2613677,3.2,10
1246,129629,1.6,10
1247,129556,2.2,10
1248,129624,2.7,10
1249,125661,3.6,10
1250,125835,2.2,10
1251,126571,3.4,10
1252,129669,2.5,10
1253,126440,3.4,10
1254,129659,3.4,10
1255,127900,3.0,10
1256,2751260,2.6,10
1257,2662743,2.8,10
1258,127790,2.8,10
1259,2749055,3.6,10
1260,127922,2.6,10
1261,125668,3.4,10
1262,127441,3.6,10
1263,1613900,2.2,10
1264,127421,3.0,10
1265,2774811,3.6,10
1266,127648,2.5,10
1267,1625089,2.9,10
1268,1331230,2.9,10
1269,125495,3.2,10
1270,128096,2.4,10
1271,2738065,3.0,10
1272,127286,1.8,10
1273,125626,2.0,10
1274,2784153,3.0,10
1275,125644,3.7,10
1276,127745,3.2,10
1277,128691,2.8,10
1278,2773864,2.8,10
1279,129685,2.6,10
1280,127607,2.6,10
1281,758299,3.2,10
1282,2615339,3.2,10
1283,127784,3.2,10
1284,127137,3.6,10
1285,127366,2.6,10
1286,2738039,3.2,10
1287,2789629,3.4,10
1288,127911,2.6,10
1289,126064,2.4,10
1290,1614156,2.8,10
1291,2758489,3.2,10
1292,126591,2.7,10
1293,127140,1.9,10
1294,126048,3.2,10
1295,1626649,3.5,10
1296,2753945,2.7,10
1297,126693,3.1,10
1298,126560,2.8,10
1299,827515,2.9,10
1300,125680,3.0,10
1301,125643,2.5,10
1302,126068,2.6,10
1303,2751263,3.6,10
1304,2783724,3.1,10
1305,127895,2.1,10
1306,126556,2.6,10
1307,126815,2.8,10
1308,125657,2.8,10
1309,2766639,3.1,10
1310,125632,1.8,10
1311,126929,2.5,10
1312,126058,2.8,10
1313,126558,2.8,10
1314,127904,2.6,10
1315,127068,2.8,10
1316,2764968,2.8,10
1317,2606138,3.4,10
1318,125744,3.8,10
1319,2766617,3.2,10
1320,127458,2.8,10
1321,2782605,3.5,10
1322,126265,3.4,10
1323,127912,2.4,10
1324,125628,2.8,10
1325,126057,3.0,10
1326,126061,3.6,10
1327,126066,2.9,10
1328,127920,3.4,10
1329,128630,2.4,10
1330,125830,2.6,10
1331,126657,3.0,10
1332,2607141,3.2,10
1333,2715601,2.4,10
1334,2754985,3.1,10
1335,125502,2.8,10
1336,128920,3.3,10
1337,2781820,2.6,10
1338,126972,2.8,10
1339,126224,2.7,10
1340,2752416,2.0,10
1341,127320,3.6,10
1342,126706,3.2,10
1343,127549,2.7,10
1344,129228,1.6,10
1345,127134,2.6,10
1346,1032715,2.4,10
1347,129414,3.2,10
1348,578459,2.6,10
1349,128105,2.8,10
1350,1390976,2.4,10
1351,2715624,2.4,10
1352,575404,2.8,10
1353,2387088,2.7,10
1354,1560396,2.6,10
1355,126844,2.8,10
1356,126700,3.4,10
1357,125504,3.0,10
1358,126969,3.2,10
1359,129625,2.9,10
1360,126106,3.0,10
1361,2661510,2.6,10
1362,126450,2.0,10
1363,578216,2.5,10
1364,127048,2.9,10
1365,580000,2.8,10
1366,127042,3.0,10
1367,578024,3.0,10
1368,753983,3.6,10
1369,125505,3.4,10
1370,579610,3.0,10
1371,127043,2.8,10
1372,2637838,3.0,10
1373,128101,2.2,10
1374,126821,2.1,10
1375,127529,3.2,10
1376,2371675,2.6,10
1377,579169,2.8,10
1378,2755712,3.6,10
1379,127550,3.2,10
1380,2614630,2.9,10
1381,125844,3.4,10
1382,575857,2.4,10
1383,1936039,2.6,10
1384,129613,2.5,10
1385,127801,2.8,10
1386,127851,2.6,10
1387,2608578,2.4,10
1388,2514005,2.8,10
1389,126285,3.0,10
1390,575784,2.8,10
1391,575754,2.6,10
1392,2782222,2.0,10
1393,126801,2.4,10
1394,127694,3.0,10
1395,2608671,2.8,10
1396,2024407,3.0,10
1397,129230,3.4,10
1398,1382445,2.6,10
1399,579674,3.0,10
1400,1395618,3.3,10
1401,2496314,2.1,10
1402,2024440,2.4,10
1403,2387327,3.3,10
1404,126293,3.0,10
1405,2024639,2.6,10
1406,125851,2.4,10
1407,2387080,2.2,10
1408,2767625,3.1,10
1409,2781446,2.4,10
1410,1382503,2.2,10
1411,125850,2.8,10
1412,127762,2.3,10
1413,127758,3.1,10
1414,127760,3.2,10
1415,129227,3.2,10
1416,2387053,3.0,10
1417,127412,2.8,10
1418,127103,2.4,10
1419,1560382,2.4,10
1420,127629,2.6,10
1421,126088,2.6,10
1422,128109,3.0,10
1423,128292,2.6,10
1424,125853,2.0,10
1425,127102,2.6,10
1426,126798,3.4,10
1427,579418,2.2,10
1428,587045,2.6,10
1429,127336,3.4,10
1430,2515730,3.5,10
1431,126640,3.0,10
1432,127136,2.7,10
1433,579742,1.8,10
1434,127585,2.3,10
1435,126277,1.8,10
1436,577894,2.8,10
1437,1437418,2.8,10
1438,2547986,3.0,10
1439,2782195,3.1,10
1440,129608,2.6,10
1441,2496312,1.9,10
1442,128005,2.8,10
1443,2638561,2.4,10
1444,128052,3.4,10
1445,580086,2.2,10
1446,125503,2.8,10
1447,2024437,2.6,10
1448,553447,2.6,10
1449,129226,2.8,10
1450,579421,3.2,10
1451,128069,2.4,10
1452,126105,2.3,10
1453,126721,2.4,10
1454,2752004,3.2,10
1455,575607,3.2,10
1456,127755,2.4,10
1457,128035,3.6,10
1458,579472,2.0,10
1459,126307,3.1,10
1460,579487,2.6,10
1461,2764322,2.8,10
1462,126444,2.4,10
1463,127287,2.4,10
1464,579986,3.2,10
1465,126970,3.4,10
1466,1528652,3.0,10
1467,2715655,2.8,10
1468,2607009,2.6,10
1469,127101,3.2,10
1470,127107,2.6,10
1471,579565,2.4,10
1472,2768193,3.1,10
1473,2782627,3.0,10
1474,127761,2.7,10
1475,2782214,2.0,10
1476,127878,2.4,10
1477,126822,3.1,10
1478,2497099,2.6,10
1479,127105,2.8,10
1480,987810,2.6,10
1481,2758833,2.1,10
1482,129229,2.0,10
1483,128793,3.6,10
1484,126300,3.0,10
1485,2704724,3.5,10
1486,2755596,2.6,10
1487,126301,3.2,10
1488,126273,3.6,10
1489,126289,2.9,10
1490,2615324,3.6,10
1491,126785,2.3,10
1492,127311,2.7,10
1493,2785289,2.5,10
1494,128199,3.0,10
1495,128758,2.9,10
1496,127291,2.6,10
1497,2723663,2.6,10
1498,1619630,3.4,10
1499,126784,3.4,10
1500,125714,3.0,10
1501,598635,2.9,10
1502,126288,3.2,10
1503,1621219,2.2,10
1504,2782215,2.2,10
1505,2614464,2.9,10
1506,127865,2.5,10
1507,126787,1.8,10
1508,127870,2.4,10
1509,1621854,2.5,10
1510,126078,2.6,10
1511,2398943,3.0,10
1512,2713784,2.2,10
1513,2564158,2.8,10
1514,2782786,3.9,10
1515,125715,3.3,10
1516,127214,3.4,10
1517,128892,3.2,10
1518,2796918,2.6,10
1519,2761552,2.6,10
1520,126102,2.2,10
1521,126290,2.0,10
1522,126083,2.6,10
1523,583071,2.6,10
1524,126649,2.0,10
1525,1932009,1.9,10
1526,126274,2.6,10
1527,1916699,2.4,10
1528,591866,2.3,10
1529,585605,2.4,10
1530,2710823,3.0,10
1531,2753950,2.5,10
1532,128903,2.5,10
1533,129400,3.0,10
1534,126695,2.3,10
1535,1532338,3.4,10
1536,127885,3.4,10
1537,2777937,3.4,10
1538,2756648,2.6,10
1539,128679,2.1,10
1540,125702,2.6,10
1541,125849,3.4,10
1542,2782702,2.9,10
1543,125700,2.6,10
1544,2710851,2.8,10
1545,127546,2.2,10
1546,126564,2.1,10
1547,125691,1.8,10
1548,127456,3.4,10
1549,127159,2.8,10
1550,2768200,2.0,10
1551,125718,3.2,10
1552,2740047,3.0,10
1553,2768080,2.4,10
1554,127883,3.6,10
1555,126778,3.4,10
1556,126104,2.8,10
1557,127866,2.9,10
1558,2789631,2.1,10
1559,127100,2.2,10
1560,125717,2.2,10
1561,2664745,2.8,10
1562,129011,3.6,10
1563,127939,2.5,10
1564,126888,3.0,10
1565,1621384,2.4,10
1566,585615,3.6,10
1567,127766,2.6,10
1568,129583,3.0,10
1569,126291,3.2,10
1570,2723525,2.6,10
1571,125685,2.6,10
1572,2710849,2.0,10
1573,2710838,2.2,10
1574,125716,2.3,10
1575,126682,3.0,10
1576,2715693,2.8,10
1577,128893,2.6,10
1578,2742112,3.0,10
1579,129205,2.2,10
1580,128904,2.7,10
1581,125683,3.0,10
1582,125842,2.8,10
1583,127547,3.3,10
1584,125713,2.4,10
1585,2615241,2.7,10
1586,126577,2.6,10
1587,2783140,3.0,10
1588,129216,2.4,10
1589,128753,2.3,10
1590,129493,3.4,10
1591,127689,3.2,10
1592,2614721,2.7,10
1593,2768103,2.3,10
1594,2759671,3.6,10
1595,125845,2.6,10
1596,2777896,2.6,10
1597,125841,3.2,10
1598,126788,2.8,10
1599,1622212,3.0,10
1600,2707937,3.5,10
1601,799776,2.2,10
1602,128818,2.6,10
1603,128895,2.6,10
1604,126727,2.9,10
1605,127545,2.8,10
1606,128901,3.3,10
1607,780350,2.8,10
1608,2663631,3.1,10
1609,126282,4.0,10
1610,125843,3.0,10
1611,2778033,2.6,10
1612,127873,2.8,10
1613,1626917,3.0,10
1614,128902,2.5,10
1615,126287,2.9,10
1616,228865,3.0,10
1617,126691,3.2,10
1618,129582,2.5,10
1619,126122,2.6,10
1620,125682,2.4,10
1621,2710835,1.7,10
1622,1041580,2.9,10
1623,129589,2.8,10
1624,2715650,2.4,10
1625,2791438,3.3,10
1626,126272,3.0,10
1627,128727,2.6,10
1628,1532423,3.2,10
1629,2750952,1.9,10
1630,585526,2.7,10
1631,125696,3.0,10
1632,127779,2.6,10
1633,125846,2.2,10
1634,129160,3.2,10
1635,125705,2.2,10
1636,127587,3.0,10
1637,126278,2.4,10
1638,125687,3.0,10
1639,126084,3.4,10
1640,128897,2.5,10
1641,2782780,2.4,10
1642,129255,2.7,10
1643,2022531,2.5,10
1644,129487,2.0,10
1645,1621077,3.2,10
1646,126093,2.3,10
1647,126085,3.0,10
1648,125694,2.9,10
1649,126080,2.6,10
1650,127874,2.0,10
1651,126302,2.6,10
1652,127867,2.8,10
1653,585585,2.8,10
1654,125498,3.0,10
1655,127730,2.4,10
1656,126724,2.6,10
1657,128908,2.8,10
1658,1395801,2.8,10
1659,126447,2.5,10
1660,129225,2.0,10
1661,147317,3.2,10
1662,129542,2.8,10
1663,129253,2.4,10
1664,129232,3.0,10
1665,125697,3.0,10
1666,2740135,2.4,10
1667,126723,2.7,10
1668,2388953,2.8,10
1669,125708,2.8,10
1670,128894,2.2,10
1671,126579,3.3,10
1672,125698,3.5,10
1673,2723813,2.4,10
1674,127591,2.6,10
1675,1623658,2.9,10
1676,129161,2.0,10
1677,127161,3.0,10
1678,125704,2.2,10
1679,2784733,2.9,10
1680,128176,3.4,10
1681,2707924,3.1,10
1682,126578,2.6,10
1683,147777,3.2,10
1684,129256,2.4,10
1685,2022541,2.6,10
1686,1932003,2.4,10
1687,2768201,2.6,10
1688,129641,3.1,10
1689,264517,2.9,10
1690,2769505,3.3,10
1691,125709,3.1,10
1692,598558,2.6,10
1693,127764,3.4,10
1694,2750957,3.3,10
1695,127728,2.4,10
1696,1918639,2.8,10
1697,126090,3.2,10
1698,264528,3.6,10
1699,2782847,2.8,10
1700,128767,3.2,10
1701,125840,3.3,10
1702,127884,2.4,10
1703,2704932,2.0,10
1704,126098,2.8,10
1705,126091,3.2,10
1706,125710,2.4,10
1707,126271,3.0,10
1708,126696,3.6,10
1709,127757,2.4,10
1710,128750,2.8,10
1711,125719,2.7,10
1712,2710829,2.6,10
1713,128997,2.0,10
1714,128899,3.4,10
1715,129252,3.2,10
1716,129251,2.5,10
1717,126097,1.8,10
1718,128922,3.4,10
1719,129638,1.9,10
1720,125711,3.1,10
1721,128680,3.0,10
1722,2795092,3.2,10
1723,128757,3.2,10
1724,2702823,3.2,10
1725,2789378,3.0,10
1726,2778169,3.2,10
1727,126616,2.8,10
1728,2779457,3.2,10
1729,125699,2.7,10
1730,128200,3.0,10
1731,125720,1.8,10
1732,126082,3.0,10
1733,2710821,2.7,10
1734,126276,2.6,10
1735,125681,3.0,10
1736,129544,3.6,10
1737,126433,2.6,10
1738,129548,2.0,10
1739,126096,3.4,10
1740,125847,2.0,10
1741,125686,2.2,10
1742,2755214,3.1,10
1743,126789,3.3,10
1744,125852,3.0,10
1745,127729,3.1,10
1746,126777,2.6,10
1747,2789633,2.0,10
1748,127713,2.8,10
1749,126742,2.8,10
1750,2837222,3.8,10
1751,126275,2.8,10
1752,127602,2.9,10
1753,129547,2.4,10
1754,127864,2.9,10
1755,128794,3.2,10
1756,126279,3.4,10
1757,591798,2.1,10
1758,127871,3.5,10
1759,127160,3.0,10
1760,125701,2.5,10
1761,2753965,3.2,10
1762,2723767,2.8,10
1763,127658,2.9,10
1764,127917,2.3,10
1765,2710184,2.6,10
1766,125688,2.6,10
1767,852439,2.7,10
1768,129491,2.5,10
1769,126081,2.8,10
1770,127490,4.2,10
1771,126683,2.7,10
1772,127706,3.1,10
1773,126443,2.2,10
1774,2724982,2.3,10
1775,126094,2.8,10
1776,2792592,2.4,10
1777,2736722,2.6,10
1778,126589,3.2,10
1779,126694,3.0,10
1780,129015,2.4,10
1781,129183,3.4,10
1782,772462,2.6,10
1783,2796929,1.8,10
1784,1910823,2.0,10
1785,2730276,3.2,10
1786,2664266,2.4,10
1787,2781422,2.7,10
1788,2536133,2.8,10
1789,2738763,2.2,10
1790,252574,2.3,10
1791,2616131,3.1,10
1792,127813,3.0,10
1793,128224,3.1,10
1794,2781401,3.0,10
1795,2785713,3.4,10
1796,228859,3.0,10
1797,128674,3.0,10
1798,635701,3.4,10
1799,2767879,2.9,10
1800,2782734,2.2,10
1801,2614515,3.2,10
1802,125779,3.3,10
1803,2614522,2.1,10
1804,2614528,3.4,10
1805,560996,2.8,10
1806,2778052,3.1,10
1807,228853,2.6,10
1808,228854,1.9,10
1809,128924,2.6,10
1810,127053,2.4,10
1811,252567,2.7,10
1812,128982,3.7,10
1813,128013,2.8,10
1814,2710734,3.6,10
1815,2614704,2.8,10
1816,2614561,2.4,10
1817,2777865,2.8,10
1818,2784347,2.2,10
1819,2733515,3.6,10
1820,2783808,3.2,10
1821,126644,3.7,10
1822,2753909,2.9,10
1823,2705409,3.2,10
1824,125605,2.5,10
1825,129439,3.2,10
1826,126133,3.0,10
1827,1604824,3.0,10
1828,2611568,2.4,10
1829,2764950,3.0,10
1830,2765284,2.8,10
1831,250440,3.2,10
1832,2742062,2.2,10
1833,127617,2.6,10
1834,2710586,3.2,10
1835,756594,3.9,10
1836,2662855,2.8,10
1837,2737268,2.5,10
1838,2822573,2.6,10
1839,2744597,2.6,10
1840,2767677,3.2,10
1841,2757045,3.1,10
1842,2357444,2.9,10
1843,2756599,3.3,10
1844,2778204,2.7,10
1845,2742265,3.2,10
1846,651687,3.4,10
1847,2757397,2.6,10
1848,2754270,3.1,10
1849,127618,2.4,10
1850,127860,3.8,10
1851,2742647,3.6,10
1852,2746244,2.8,10
1853,2781746,2.8,10
1854,2781625,3.4,10
1855,125736,2.4,10
1856,2822473,2.2,10
1857,2783878,2.8,10
1858,126140,3.0,10
1859,2734940,2.5,10
1860,2734942,3.2,10
1861,2734948,3.0,10
1862,2777870,2.6,10
1863,2753918,2.0,10
1864,129242,3.2,10
1865,125524,1.9,10
1866,126485,2.8,10
1867,127355,3.0,10
1868,2735280,2.2,10
1869,2746257,3.0,10
1870,126052,2.8,10
1871,2767582,3.6,10
1872,2754993,2.5,10
1873,2745629,2.6,10
1874,2734937,2.8,10
1875,2772196,3.2,10
1876,125636,2.5,10
1877,2778200,3.0,10
1878,2751647,2.5,10
1879,2769578,3.6,10
1880,2758246,2.6,10
1881,2733970,3.0,10
1882,2611730,2.2,10
1883,2750803,2.0,10
1884,2742496,2.9,10
1885,1906334,3.2,10
1886,2738004,2.8,10
1887,2734944,1.6,10
1888,126128,2.0,10
1889,2751469,3.0,10
1890,2789662,2.1,10
1891,2759873,2.8,10
1892,2738030,3.2,10
1893,2767760,2.0,10
1894,2774567,3.0,10
1895,2781577,2.4,10
1896,125733,3.0,10
1897,2615382,3.1,10
1898,2758646,1.9,10
1899,1087619,2.3,10
1900,2751585,3.5,10
1901,2750960,3.0,10
1902,2782676,2.2,10
1903,127969,2.4,10
1904,125732,2.5,10
1905,129561,2.8,10
1906,2767606,2.6,10
1907,1916033,2.6,10
1908,126799,3.2,10
1909,2763848,3.2,10
1910,128230,2.4,10
1911,2612874,2.8,10
1912,125522,2.4,10
1913,2751290,2.6,10
1914,2765504,2.1,10
1915,2770363,2.8,10
1916,2750827,3.2,10
1917,2763852,2.4,10
1918,2747354,3.6,10
1919,1624882,3.2,10
1920,128829,2.2,10
1921,126120,2.7,10
1922,128828,2.3,10
1923,2755002,3.6,10
1924,126830,3.6,10
1925,2768190,3.0,10
1926,2750961,2.0,10
1927,1623859,2.8,10
1928,2738089,2.5,10
1929,2737308,1.8,10
1930,126315,2.6,10
1931,126523,2.2,10
1932,2782636,3.2,10
1933,2751124,2.4,10
1934,127623,2.9,10
1935,753994,2.2,10
1936,2744538,3.6,10
1937,126143,3.4,10
1938,2782626,2.5,10
1939,1627240,2.5,10
1940,2736681,2.5,10
1941,2736684,3.2,10
1942,126599,2.1,10
1943,2757058,3.0,10
1944,128622,1.6,10
1945,1265735,1.8,10
1946,1605977,2.4,10
1947,2768062,2.4,10
1948,2765497,2.4,10
1949,127643,3.0,10
1950,128968,3.4,10
1951,2767723,2.7,10
1952,2738364,2.8,10
1953,1824216,2.8,10
1954,756323,3.0,10
1955,2798131,2.6,10
1956,2824534,2.4,10
1957,2736368,2.5,10
1958,2738010,3.2,10
1959,129417,2.8,10
1960,1946955,3.5,10
1961,2766467,3.4,10
1962,2767586,2.8,10
1963,2465107,3.8,10
1964,129202,2.8,10
1965,2760809,2.6,10
1966,127344,3.2,10
1967,2675086,2.3,10
1968,2015509,2.6,10
1969,2638509,3.1,10
1970,1115613,3.6,10
1971,126781,2.2,10
1972,127771,2.2,10
1973,2739473,2.8,10
1974,2735007,3.0,10
1975,128108,2.4,10
1976,2767546,2.4,10
1977,2757183,2.4,10
1978,2767752,4.0,10
1979,2751279,2.6,10
1980,2753892,3.0,10
1981,2611887,2.3,10
1982,125510,2.4,10
1983,2736400,2.6,10
1984,2778533,3.3,10
1985,2773309,2.9,10
1986,2515792,3.0,10
1987,2761624,3.2,10
1988,2763805,2.8,10
1989,128087,2.5,10
1990,2733851,2.2,10
1991,2784416,3.2,10
1992,2784445,3.6,10
1993,2735015,2.2,10
1994,2751345,3.0,10
1995,2778024,3.0,10
1996,1170335,3.6,10
1997,2765428,2.6,10
1998,2605807,2.6,10
1999,2735298,2.4,10
2000,2788935,2.3,10
2001,128582,2.7,10
2002,2733853,2.4,10
2003,2778135,2.7,10
2004,2742282,2.0,10
2005,2733043,3.6,10
2006,2769722,3.0,10
2007,2766534,3.2,10
2008,2751280,2.8,10
2009,2751365,3.2,10
2010,2770301,3.3,10
2011,2755675,1.4,10
2012,2751504,2.4,10
2013,2762697,2.4,10
2014,2783891,2.8,10
2015,126141,2.7,10
2016,2755489,3.2,10
2017,126499,2.4,10
2018,2732218,3.0,10
2019,2822240,2.7,10
2020,126313,2.7,10
2021,1116203,2.6,10
2022,2738710,2.6,10
2023,2738713,2.1,10
2024,2767556,2.4,10
2025,2751497,3.1,10
2026,2674947,3.8,10
2027,126321,3.4,10
2028,127482,2.7,10
2029,2633893,3.0,10
2030,2747065,3.2,10
2031,1001011,3.0,10
2032,2751564,3.8,10
2033,2775510,2.2,10
2034,126322,3.2,10
2035,2758161,2.5,10
2036,2612869,4.0,10
2037,2752118,2.8,10
2038,2741609,2.8,10
2039,2407125,3.2,10
2040,127620,2.1,10
2041,126618,2.8,10
2042,2603489,3.2,10
2043,127197,3.1,10
2044,2733847,3.0,10
2045,2773291,2.2,10
2046,127857,3.2,10
2047,2758262,3.0,10
2048,2738724,3.0,10
2049,128705,2.6,10
2050,1905631,2.9,10
2051,2778474,2.8,10
2052,2606189,3.1,10
2053,125739,2.9,10
2054,2747211,2.4,10
2055,129550,2.2,10
2056,2743335,3.0,10
2057,127968,2.9,10
2058,2754275,2.6,10
2059,126195,3.1,10
2060,2747807,2.8,10
2061,126318,2.6,10
2062,1907801,2.8,10
2063,2602774,1.5,10
2064,2737298,2.5,10
2065,126492,2.8,10
2066,2753061,3.8,10
2067,2732147,2.2,10
2068,2753922,2.8,10
2069,2563697,2.2,10
2070,2755483,3.7,10
2071,578954,2.4,10
2072,127176,2.8,10
2073,2633950,3.4,10
2074,2465152,2.7,10
2075,2762903,2.8,10
2076,2736392,2.2,10
2077,2751295,3.5,10
2078,2733855,2.6,10
2079,2435097,2.6,10
2080,127481,3.8,10
2081,1800212,2.8,10
2082,2788436,2.4,10
2083,2763808,2.4,10
2084,2744450,3.0,10
2085,2741615,3.8,10
2086,2741618,3.2,10
2087,2741612,2.8,10
2088,2741619,4.4,10
2089,125523,2.3,10
2090,2754467,3.2,10
2091,125525,2.1,10
2092,2798090,3.0,10
2093,2744494,2.4,10
2094,2754462,2.4,10
2095,2781590,2.6,10
2096,1282839,3.4,10
2097,976387,2.9,10
2098,2763769,3.4,10
2099,2405995,3.2,10
2100,2661736,2.8,10
2101,2357437,3.0,10
2102,2784331,3.2,10
2103,127131,3.0,10
2104,2744539,2.7,10
2105,2778214,2.6,10
2106,2615489,3.4,10
2107,2737290,3.0,10
2108,126129,2.9,10
2109,2784326,2.4,10
2110,2741606,2.8,10
2111,1605966,2.4,10
2112,322836,2.6,10
2113,2758588,1.9,10
2114,1621360,2.8,10
2115,129444,3.0,10
2116,129445,2.3,10
2117,252564,2.6,10
2118,2761729,3.0,10
2119,1963773,2.4,10
2120,126230,3.2,10
2121,1957348,2.6,10
2122,125782,2.9,10
2123,649970,2.5,10
2124,649743,2.6,10
2125,2705360,3.6,10
2126,2826761,2.8,10
2127,126632,2.6,10
2128,2591803,2.8,10
2129,2779506,3.0,10
2130,2763880,2.6,10
2131,129456,2.0,10
2132,1624685,2.4,10
2133,138185,2.8,10
2134,136213,2.3,10
2135,126431,2.4,10
2136,128019,3.0,10
2137,2638475,2.5,10
2138,2770730,3.2,10
2139,1957364,2.6,10
2140,125865,2.4,10
2141,2652577,2.6,10
2142,137891,3.1,10
2143,1067369,2.0,10
2144,1957499,2.6,10
2145,127959,2.8,10
2146,2721496,2.4,10
2147,136608,3.0,10
2148,2611150,2.8,10
2149,1991092,2.2,10
2150,2775490,2.1,10
2151,970481,2.4,10
2152,126432,3.1,10
2153,973052,3.6,10
2154,2445116,3.0,10
2155,935073,3.0,10
2156,938689,3.2,10
2157,2775502,2.7,10
2158,2007416,3.0,10
2159,2775576,2.1,10
2160,2747936,2.8,10
2161,580519,2.8,10
2162,1957600,2.0,10
2163,1957612,3.2,10
2164,125946,3.6,10
2165,1624914,2.6,10
2166,126718,3.2,10
2167,136230,3.2,10
2168,129565,3.2,10
2169,126660,2.9,10
2170,2755846,2.6,10
2171,1957631,3.2,10
2172,1103949,2.6,10
2173,1976354,3.2,10
2174,136638,2.2,10
2175,2752661,2.2,10
2176,2770566,2.8,10
2177,1957654,3.0,10
2178,1957667,2.2,10
2179,127151,3.0,10
2180,2782088,3.1,10
2181,979642,2.4,10
2182,2752062,3.0,10
2183,2757978,3.2,10
2184,2756802,3.1,10
2185,2758401,2.5,10
2186,2766781,3.4,10
2187,137474,2.6,10
2188,125513,2.6,10
2189,2778949,3.1,10
2190,776934,2.0,10
2191,599618,3.2,10
2192,2752056,3.2,10
2193,2043682,3.0,10
2194,1958133,3.0,10
2195,136634,2.2,10
2196,951363,2.2,10
2197,228911,3.4,10
2198,136082,2.4,10
2199,127625,3.0,10
2200,2771020,2.8,10
2201,978310,3.3,10
2202,138019,3.1,10
2203,1958113,2.5,10
2204,2775542,3.1,10
2205,125490,3.0,10
2206,2370951,2.0,10
2207,2480899,2.7,10
2208,2792631,2.3,10
2209,591636,2.3,10
2210,2819469,2.4,10
2211,126557,2.1,10
2212,125867,3.2,10
2213,397635,3.4,10
2214,1958051,2.8,10
2215,2489047,2.6,10
2216,1804605,3.2,10
2217,2034480,2.3,10
2218,136632,2.8,10
2219,2380945,2.2,10
2220,2605527,3.4,10
2221,127654,2.2,10
2222,137877,3.0,10
2223,2700983,2.6,10
2224,138740,2.8,10
2225,137309,2.8,10
2226,138657,2.6,10
2227,136085,2.9,10
2228,2775643,2.4,10
2229,2795622,3.2,10
2230,2743777,2.8,10
2231,126915,2.6,10
2232,136089,3.1,10
2233,136541,3.4,10
2234,136540,3.0,10
2235,138513,2.2,10
2236,1957680,2.4,10
2237,1958042,2.8,10
2238,137486,2.7,10
2239,2778212,2.3,10
2240,980192,3.0,10
2241,2738704,2.8,10
2242,138363,2.8,10
2243,137483,1.4,10
2244,137762,2.6,10
2245,136211,3.6,10
2246,136525,3.2,10
2247,228913,2.2,10
2248,2770314,2.1,10
2249,127719,3.0,10
2250,2370269,2.1,10
2251,777228,2.2,10
2252,2370865,2.0,10
2253,1958000,3.1,10
2254,2769842,2.7,10
2255,2796937,2.6,10
2256,2766752,2.3,10
2257,939166,2.4,10
2258,127492,2.8,10
2259,2595004,2.4,10
2260,129492,2.2,10
2261,1626705,3.2,10
2262,127812,3.4,10
2263,2769873,2.8,10
2264,143062,2.8,10
2265,136641,2.8,10
2266,137369,3.0,10
2267,2770494,2.4,10
2268,2770651,3.2,10
2269,2765650,2.8,10
2270,126717,4.0,10
2271,2614388,2.7,10
2272,2780145,2.4,10
2273,706243,2.0,10
2274,1626062,2.6,10
2275,127946,3.0,10
2276,2769634,2.4,10
2277,2755490,2.2,10
2278,1362194,3.5,10
2279,136208,3.0,10
2280,136520,2.1,10
2281,137809,2.7,10
2282,136063,2.2,10
2283,138195,2.8,10
2284,138662,2.4,10
2285,137706,4.2,10
2286,127004,3.7,10
2287,138361,2.2,10
2288,977068,3.1,10
2289,125728,2.6,10
2290,989046,3.3,10
2291,2770540,2.6,10
2292,2731174,2.6,10
2293,2772362,2.0,10
2294,970667,3.2,10
2295,2500186,3.0,10
2296,127956,3.4,10
2297,2766542,3.0,10
2298,1624227,2.3,10
2299,127966,2.3,10
2300,127850,3.2,10
2301,1921423,2.7,10
2302,127973,2.5,10
2303,127949,2.0,10
2304,126114,2.2,10
2305,125859,2.8,10
2306,127932,2.4,10
2307,127983,2.5,10
2308,2711056,3.1,10
2309,587699,3.4,10
2310,2794932,2.6,10
2311,2781270,3.4,10
2312,127608,3.4,10
2313,127995,2.8,10
2314,126647,2.9,10
2315,2770713,3.4,10
2316,128210,2.4,10
2317,2782126,2.6,10
2318,2745737,2.8,10
2319,2733836,2.3,10
2320,2044527,3.4,10
2321,2490886,2.0,10
2322,2778917,2.3,10
2323,2766491,2.8,10
2324,1178650,3.0,10
2325,127936,2.4,10
2326,2794934,2.2,10
2327,1601852,2.4,10
2328,2751941,3.4,10
2329,127767,3.0,10
2330,2738052,2.6,10
2331,128006,3.4,10
2332,128020,3.1,10
2333,2732168,2.7,10
2334,1179738,2.9,10
2335,127914,3.0,10
2336,126648,2.6,10
2337,127178,2.8,10
2338,127952,2.8,10
2339,2037031,2.4,10
2340,125856,3.0,10
2341,1845544,3.3,10
2342,2774546,2.2,10
2343,128148,3.8,10
2344,2605899,3.6,10
2345,125858,3.0,10
2346,126728,1.9,10
2347,2660059,2.6,10
2348,2764342,2.8,10
2349,126573,2.2,10
2350,128123,2.4,10
2351,126541,2.6,10
2352,129419,3.0,10
2353,592313,3.0,10
2354,631934,2.8,10
2355,2766443,2.6,10
2356,127987,2.4,10
2357,2769846,2.8,10
2358,127964,3.2,10
2359,2774534,3.4,10
2360,613310,2.3,10
2361,126115,2.8,10
2362,126108,2.5,10
2363,127419,3.2,10
2364,127132,1.5,10
2365,127992,2.6,10
2366,250443,3.1,10
2367,2738054,2.9,10
2368,2751603,2.3,10
2369,129698,3.2,10
2370,2769761,2.4,10
2371,2660941,2.8,10
2372,2554069,2.8,10
2373,2555756,3.2,10
2374,2554095,3.0,10
2375,2613450,3.7,10
2376,523984,1.8,10
2377,2822328,2.8,10
2378,2794931,3.0,10
2379,2364045,2.5,10
2380,2794933,3.0,10
2381,2783123,2.8,10
2382,2660770,2.8,10
2383,2776830,3.3,10
2384,2646372,3.0,10
2385,2028987,3.1,10
2386,127394,2.0,10
2387,2638518,2.8,10
2388,2371215,2.6,10
2389,2711048,2.4,10
2390,127886,2.8,10
2391,2614315,2.7,10
2392,129194,3.6,10
2393,2732489,2.8,10
2394,2569515,2.8,10
2395,2769571,2.7,10
2396,2031645,3.0,10
2397,1846020,3.2,10
2398,2414648,3.5,10
2399,2603463,3.4,10
2400,2002492,3.4,10
2401,2756677,3.8,10
2402,126228,3.4,10
2403,590997,2.6,10
2404,2756668,2.6,10
2405,2687981,2.8,10
2406,128988,3.4,10
2407,2782803,2.6,10
2408,2759120,2.7,10
2409,2656482,3.4,10
2410,2379568,2.4,10
2411,2478972,2.8,10
2412,2784124,2.8,10
2413,2778914,2.4,10
2414,2648488,2.8,10
2415,2733969,2.6,10
2416,2002480,2.8,10
2417,127539,2.8,10
2418,2755676,2.4,10
2419,800067,2.6,10
2420,1541165,2.5,10
2421,2703799,3.0,10
2422,2746599,3.4,10
2423,2752019,3.2,10
2424,2396844,2.2,10
2425,2002485,2.6,10
2426,2414696,3.0,10
2427,127750,2.0,10
2428,2638528,2.7,10
2429,2763795,2.6,10
2430,1060192,2.6,10
2431,2649025,2.6,10
2432,2656496,2.9,10
2433,1607213,2.6,10
2434,1626138,2.0,10
2435,2607214,3.4,10
2436,2736764,3.0,10
2437,2782915,2.8,10
2438,128730,2.2,10
2439,2456701,2.0,10
2440,2609125,3.0,10
2441,1842088,3.4,10
2442,2736671,2.4,10
2443,127707,2.8,10
2444,2553566,2.0,10
2445,701683,3.0,10
2446,2742469,2.2,10
2447,127993,2.8,10
2448,2782788,3.6,10
2449,2758629,3.0,10
2450,127641,2.0,10
2451,665594,3.2,10
2452,128118,2.8,10
2453,2763821,3.0,10
2454,2711035,3.1,10
2455,2770375,2.4,10
2456,1803581,2.4,10
2457,2782959,2.9,10
2458,2764961,3.2,10
2459,2456974,2.9,10
2460,2581263,3.1,10
2461,2741623,3.2,10
2462,2758999,2.8,10
2463,2736733,2.5,10
2464,2476731,3.4,10
2465,2756646,2.6,10
2466,2627175,3.2,10
2467,2820546,3.7,10
2468,2769666,2.6,10
2469,2754458,2.9,10
2470,2653092,2.2,10
2471,2648416,3.0,10
2472,2758861,2.2,10
2473,2755034,3.0,10
2474,2751855,2.4,10
2475,1917062,2.4,10
2476,2545877,1.6,10
2477,2785918,2.7,10
2478,127293,2.9,10
2479,2767538,2.8,10
2480,2815627,2.9,10
2481,2002467,3.0,10
2482,1177867,2.6,10
2483,2606210,3.0,10
2484,2782625,3.4,10
2485,2784199,2.7,10
2486,2752603,2.5,10
2487,2501595,2.8,10
2488,2638477,3.4,10
2489,2852538,3.1,10
2490,2774049,3.2,10
2491,2620990,2.2,10
2492,2738106,2.6,10
2493,2742225,3.3,10
2494,251994,2.5,10
2495,126712,2.2,10
2496,126719,2.5,10
2497,2633955,3.4,10
2498,2763838,2.9,10
2499,2738766,2.4,10
2500,2770378,2.8,10
2501,127731,2.8,10
2502,127953,3.0,10
2503,600158,1.8,10
2504,129137,3.0,10
2505,1125614,3.4,10
2506,2607143,2.4,10
2507,2707930,3.0,10
2508,2741575,2.3,10
2509,741957,2.2,10
2510,2767886,2.6,10
2511,2553685,3.2,10
2512,2795593,2.2,10
2513,2704112,2.8,10
2514,126489,2.0,10
2515,591603,2.7,10
2516,2756657,2.8,10
2517,2037326,2.5,10
2518,2498819,2.4,10
2519,2601179,3.4,10
2520,2575905,3.2,10
2521,2828241,3.2,10
2522,987974,3.4,10
2523,2037230,3.2,10
2524,1917066,2.2,10
2525,2048059,2.9,10
2526,2717632,3.2,10
2527,2648177,3.4,10
2528,2761640,3.2,10
2529,2495006,2.6,10
2530,2741025,2.0,10
2531,2753189,2.6,10
2532,2757454,2.3,10
2533,2858860,3.0,10
2534,2757697,2.2,10
2535,2752942,2.6,10
2536,2011992,2.8,10
2537,1146121,2.6,10
2538,2756664,3.0,10
2539,710258,2.0,10
2540,2633900,2.4,10
2541,2650064,2.8,10
2542,128182,2.6,10
2543,2773843,2.6,10
2544,2752952,3.2,10
2545,2616453,2.4,10
2546,2766587,3.6,10
2547,2661408,2.4,10
2548,1994204,3.4,10
2549,127644,2.6,10
2550,2002486,2.5,10
2551,2778109,3.2,10
2552,2754482,2.3,10
2553,2714724,2.2,10
2554,558819,2.1,10
2555,2357794,2.9,10
2556,771686,3.5,10
2557,2760802,2.8,10
2558,125731,2.6,10
2559,1385338,2.8,10
2560,128627,2.6,10
2561,2763788,2.6,10
2562,2781589,3.0,10
2563,2781599,2.0,10
2564,2002472,2.6,10
2565,128989,2.6,10
2566,2784067,2.5,10
2567,128631,2.0,10
2568,127387,2.2,10
2569,126626,2.6,10
2570,2790515,2.7,10
2571,2732173,2.2,10
2572,250282,3.1,10
2573,128556,2.8,10
2574,696841,2.5,10
2575,1842147,2.8,10
2576,2763005,2.0,10
2577,2751581,2.3,10
2578,2783564,3.0,10
2579,2738726,2.8,10
2580,2759963,3.2,10
2581,2782865,3.2,10
2582,2757070,3.0,10
2583,2762968,1.8,10
2584,1943255,2.8,10
2585,2732638,2.5,10
2586,128672,2.6,10
2587,923263,1.6,10
2588,2784201,3.0,10
2589,2606218,2.4,10
2590,631317,2.6,10
2591,2770339,2.4,10
2592,407094,3.0,10
2593,127734,2.5,10
2594,1017563,3.8,10
2595,2002505,2.6,10
2596,753414,2.7,10
2597,2766535,2.4,10
2598,2761677,3.5,10
2599,2774564,2.6,10
2600,2519182,2.8,10
2601,2412842,3.6,10
2602,778975,3.1,10
2603,2791447,2.3,10
2604,127889,2.3,10
2605,130284,2.1,10
2606,2609152,2.9,10
2607,2609181,2.8,10
2608,2736396,3.0,10
2609,128156,3.2,10
2610,126926,3.5,10
2611,2720995,1.8,10
2612,2578005,2.3,10
2613,2649871,2.2,10
2614,2606150,2.6,10
2615,126466,4.1,10
2616,2713757,3.0,10
2617,752389,2.8,10
2618,2751986,2.4,10
2619,2648106,3.2,10
2620,2765261,2.6,10
2621,2721583,2.2,10
2622,2505927,3.0,10
2623,586143,2.3,10
2624,127951,2.9,10
2625,126714,2.6,10
2626,2759970,2.7,10
2627,2756585,3.0,10
2628,2672393,3.2,10
2629,1937626,3.0,10
2630,2742209,3.2,10
2631,1626171,3.2,10
2632,2756647,2.9,10
2633,2606209,3.1,10
2634,2570346,3.2,10
2635,2569512,2.2,10
2636,2733486,2.8,10
2637,2661514,3.2,10
2638,2755033,2.6,10
2639,562010,2.8,10
2640,128945,1.9,10
2641,2785271,2.6,10
2642,128942,2.0,10
2643,2783017,3.2,10
2644,127182,2.4,10
2645,2621914,3.0,10
2646,128802,2.6,10
2647,2707901,3.6,10
2648,128697,2.8,10
2649,2740056,3.2,10
2650,127181,3.0,10
2651,2733133,3.1,10
2652,1081865,1.6,10
2653,128838,3.0,10
2654,126665,3.2,10
2655,128944,3.2,10
2656,128934,2.8,10
2657,2781566,2.7,10
2658,2725257,2.8,10
2659,2388644,2.4,10
2660,1555639,2.0,10
2661,2781334,2.4,10
2662,126701,2.4,10
2663,2754765,3.0,10
2664,2569455,2.4,10
2665,2388680,4.0,10
2666,2552450,2.0,10
2667,2783944,2.4,10
2668,769495,1.5,10
2669,2798882,3.5,10
2670,2774820,3.2,10
2671,2784098,1.9,10
2672,2539394,2.8,10
2673,127180,2.4,10
2674,2785967,3.0,10
2675,744952,2.7,10
2676,2578683,2.4,10
2677,2736403,2.8,10
2678,2784243,3.8,10
2679,129281,2.7,10
2680,2781963,3.4,10
2681,631066,2.2,10
2682,2704694,2.0,10
2683,2767585,2.4,10
2684,2603500,2.2,10
2685,2366500,2.6,10
2686,128171,2.2,10
2687,2706019,2.8,10
2688,2380835,2.1,10
2689,1366921,2.4,10
2690,228867,3.0,10
2691,126827,2.4,10
2692,2638519,2.9,10
2693,2768115,3.4,10
2694,2841299,2.4,10
2695,2778809,2.6,10
2696,2759618,1.8,10
2697,2754979,2.4,10
2698,1942245,2.6,10
2699,2782619,3.2,10
2700,1603336,2.6,10
2701,126535,3.0,10
2702,2414735,2.8,10
2703,2742212,2.2,10
2704,127663,2.7,10
2705,2769599,3.2,10
2706,2710895,2.6,10
2707,2744553,3.6,10
2708,2350092,2.8,10
2709,2791383,2.6,10
2710,252560,3.6,10
2711,588738,2.4,10
2712,2733230,2.8,10
2713,2661441,3.1,10
2714,2782949,3.0,10
2715,2003909,2.5,10
2716,2778544,2.2,10
2717,2717821,2.8,10
2718,2519536,3.2,10
2719,2671791,3.0,10
2720,129540,3.0,10
2721,128746,2.0,10
2722,2774684,1.6,10
2723,2783721,2.6,10
2724,1951612,2.6,10
2725,264397,3.4,10
2726,2782901,3.4,10
2727,2715691,2.1,10
2728,2767621,2.8,10
2729,2715643,3.7,10
2730,2755704,3.2,10
2731,1842210,3.4,10
2732,2787119,2.4,10
2733,2668973,2.2,10
2734,2782211,3.4,10
2735,252580,2.8,10
2736,2752383,2.0,10
2737,2568531,2.6,10
2738,2612286,3.2,10
2739,2782790,3.3,10
2740,2782476,2.8,10
2741,2706206,2.6,10
2742,1136251,3.2,10
2743,2612883,2.4,10
2744,2708852,2.7,10
2745,1185879,2.4,10
2746,2778948,2.6,10
2747,2760796,2.6,10
2748,1221790,2.4,10
2749,127476,2.2,10
2750,2396037,1.9,10
2751,1937801,3.1,10
2752,128804,3.2,10
2753,2757448,3.2,10
2754,925616,1.8,10
2755,2044362,2.8,10
2756,228886,2.7,10
2757,732002,2.8,10
2758,129508,3.5,10
2759,2675429,3.0,10
2760,2733473,2.4,10
2761,749557,2.4,10
2762,2666751,2.3,10
2763,126126,2.4,10
2764,2366916,2.9,10
2765,2703807,2.6,10
2766,1626685,2.4,10
2767,2784427,2.7,10
2768,2773871,2.2,10
2769,2778034,2.4,10
2770,2030003,3.0,10
2771,2669544,2.8,10
2772,128575,3.5,10
2773,2675032,2.2,10
2774,2740063,3.0,10
2775,2721157,2.1,10
2776,2795531,2.2,10
2777,125583,3.6,10
2778,2763832,3.0,10
2779,2722883,3.4,10
2780,2747843,2.8,10
2781,1116758,3.1,10
2782,2706020,3.0,10
2783,2779508,2.1,10
2784,126555,2.7,10
2785,2612976,2.6,10
2786,2754729,2.3,10
2787,1945300,3.3,10
2788,125809,3.2,10
2789,2605236,2.5,10
2790,1614282,3.1,10
2791,2711046,2.2,10
2792,129025,2.6,10
2793,2782027,3.6,10
2794,125786,2.4,10
2795,2014285,3.0,10
2796,2737304,2.6,10
2797,2791139,2.7,10
2798,2666987,3.2,10
2799,2514004,3.0,10
2800,2736736,2.2,10
2801,2782863,2.6,10
2802,2406053,2.7,10
2803,2744506,3.2,10
2804,2657713,2.8,10
2805,2742145,3.0,10
2806,2721158,2.7,10
2807,561034,2.6,10
2808,127916,2.1,10
2809,264133,3.6,10
2810,129675,1.8,10
2811,1627330,2.4,10
2812,2684009,2.4,10
2813,2568601,2.2,10
2814,2782281,3.0,10
2815,129563,2.2,10
2816,1608611,3.0,10
2817,127162,2.5,10
2818,2774590,2.0,10
2819,2603462,2.6,10
2820,1626292,3.2,10
2821,2613465,2.9,10
2822,2569365,2.1,10
2823,2756622,2.4,10
2824,2568655,2.4,10
2825,2736702,2.0,10
2826,2733472,2.9,10
2827,2774293,2.4,10
2828,2706012,2.4,10
2829,127699,2.4,10
2830,2738691,2.7,10
2831,2744496,2.6,10
2832,126766,2.1,10
2833,2733852,3.6,10
2834,729167,3.4,10
2835,2758638,2.6,10
2836,2736685,3.0,10
2837,129383,3.2,10
2838,129497,2.7,10
2839,2738064,2.6,10
2840,2783060,3.4,10
2841,2019720,2.4,10
2842,250121,2.0,10
2843,2793231,2.8,10
2844,2664758,2.2,10
2845,2034446,3.0,10
2846,2785941,3.0,10
2847,2820184,3.2,10
2848,2755857,3.1,10
2849,2524116,2.0,10
2850,126828,2.8,10
2851,264570,3.2,10
2852,1949905,3.1,10
2853,2628994,3.0,10
2854,1086405,3.6,10
2855,2610850,2.5,10
2856,971122,2.4,10
2857,2786133,3.3,10
2858,2774063,3.5,10
2859,2713440,2.5,10
2860,132205,3.2,10
2861,2605330,2.4,10
2862,2605528,2.8,10
2863,2609826,2.4,10
2864,2798965,3.2,10
2865,2514658,2.7,10
2866,2647939,2.4,10
2867,2782726,2.6,10
2868,2611588,2.6,10
2869,749192,2.8,10
2870,2792585,2.6,10
2871,1626469,3.2,10
2872,2747760,2.6,10
2873,2717329,2.4,10
2874,126857,2.0,10
2875,1936453,3.2,10
2876,127925,3.3,10
2877,2605353,2.7,10
2878,126429,2.6,10
2879,125803,2.8,10
2880,2605351,2.6,10
2881,2717561,2.7,10
2882,704505,2.4,10
2883,2765276,3.2,10
2884,2795244,2.7,10
2885,2793286,3.4,10
2886,2610499,2.6,10
2887,1909659,3.0,10
2888,2781547,2.4,10
2889,2738717,2.9,10
2890,2793267,2.8,10
2891,2610122,2.8,10
2892,129686,2.8,10
2893,1710166,3.2,10
2894,2591805,2.8,10
2895,2649961,3.2,10
2896,2606116,3.4,10
2897,2614911,2.9,10
2898,2793221,2.6,10
2899,2785927,2.8,10
2900,2623228,2.3,10
2901,2783383,2.6,10
2902,2782213,3.6,10
2903,2613456,2.6,10
2904,1621334,2.0,10
2905,2800082,3.0,10
2906,2789678,3.0,10
2907,2643873,3.7,10
2908,2784680,2.9,10
2909,2655928,2.4,10
2910,2704343,2.8,10
2911,611523,3.2,10
2912,1871383,2.3,10
2913,2799706,3.2,10
2914,2782795,1.8,10
2915,264466,3.0,10
2916,2773723,3.3,10
2917,611883,2.8,10
2918,2822187,2.8,10
2919,2821554,2.9,10
2920,2611658,2.8,10
2921,2711377,3.5,10
2922,1185385,2.6,10
2923,127383,3.5,10
2924,2603506,2.6,10
2925,129191,3.4,10
2926,699222,3.6,10
2927,2793261,2.4,10
2928,2765312,2.5,10
2929,127115,3.5,10
2930,748018,2.6,10
2931,1846830,2.4,10
2932,128776,3.2,10
2933,2613631,3.0,10
2934,1611891,3.0,10
2935,2820966,3.0,10
2936,612305,2.7,10
2937,2647847,2.1,10
2938,2793229,3.3,10
2939,650363,2.5,10
2940,2793212,2.8,10
2941,2650772,2.8,10
2942,132235,2.4,10
2943,2717560,2.4,10
2944,2820274,3.1,10
2945,2820068,2.2,10
2946,2657716,3.0,10
2947,2725051,2.6,10
2948,611738,3.2,10
2949,1032289,3.5,10
2950,2524201,2.8,10
2951,2789367,2.1,10
2952,2734139,2.8,10
2953,2042995,3.2,10
2954,2599899,2.8,10
2955,1249812,3.4,10
2956,1389430,2.3,10
2957,1835746,3.1,10
2958,2707908,2.6,10
2959,2402981,3.3,10
2960,2478964,3.2,10
2961,611515,3.4,10
2962,2785868,3.0,10
2963,2742194,2.6,10
2964,1089992,2.7,10
2965,126534,3.5,10
2966,2725124,3.6,10
2967,1909639,3.0,10
2968,611425,3.1,10
2969,2760018,2.8,10
2970,129186,2.5,10
2971,1314565,2.8,10
2972,2759624,3.2,10
2973,128125,2.8,10
2974,612107,2.6,10
2975,2820602,2.4,10
2976,128825,2.0,10
2977,612862,2.8,10
2978,2568667,3.0,10
2979,2822334,2.8,10
2980,2565865,2.8,10
2981,2611140,3.0,10
2982,1960611,2.6,10
2983,735753,2.6,10
2984,753306,2.2,10
2985,129448,2.5,10
2986,2820629,2.6,10
2987,2753107,3.2,10
2988,2819607,3.2,10
2989,2607660,3.4,10
2990,780806,2.3,10
2991,2440925,2.6,10
2992,2732631,2.2,10
2993,2821565,3.2,10
2994,2753128,2.1,10
2995,2383470,3.0,10
2996,2821138,3.2,10
2997,2833826,2.6,10
2998,2717286,2.6,10
2999,2617724,3.0,10
3000,2380834,3.0,10
3001,1970811,1.9,10
3002,128279,2.1,10
3003,2798876,2.6,10
3004,2717598,2.2,10
3005,2657838,2.8,10
3006,2820640,2.7,10
3007,2782401,2.4,10
3008,2787555,2.4,10
3009,2794725,3.0,10
3010,264311,2.6,10
3011,2583158,2.8,10
3012,2774392,2.6,10
3013,129079,3.2,10
3014,894145,2.8,10
3015,2725100,3.1,10
3016,2588908,2.9,10
3017,2615033,2.8,10
3018,2606207,2.6,10
3019,2767829,3.3,10
3020,1213516,2.4,10
3021,2698584,2.8,10
3022,2755042,2.0,10
3023,2029190,2.6,10
3024,1667201,2.8,10
3025,790325,2.6,10
3026,778333,2.0,10
3027,2754494,2.6,10
3028,2610294,2.2,10
3029,2657915,2.9,10
3030,2610293,3.6,10
3031,2781318,2.2,10
3032,706303,2.8,10
3033,250364,2.6,10
3034,2592089,3.0,10
3035,129421,2.6,10
3036,612039,2.6,10
3037,2763703,3.1,10
3038,2769780,3.6,10
3039,985921,2.8,10
3040,611647,2.8,10
3041,2819598,2.6,10
3042,2817792,2.2,10
3043,560408,3.2,10
3044,2717291,3.2,10
3045,2366466,2.6,10
3046,2789665,1.9,10
3047,2733422,2.7,10
3048,2717292,2.6,10
3049,2820705,2.5,10
3050,1923400,2.8,10
3051,612461,2.6,10
3052,2628967,1.8,10
3053,2755721,2.8,10
3054,2820794,3.4,10
3055,2717493,3.5,10
3056,2819875,2.9,10
3057,1091608,2.2,10
3058,1892320,2.4,10
3059,2774281,4.0,10
3060,1053905,2.9,10
3061,2615320,3.0,10
3062,126802,2.8,10
3063,2711047,3.0,10
3064,2798815,2.7,10
3065,2615314,2.4,10
3066,1935608,1.9,10
3067,1997221,3.0,10
3068,1960614,2.2,10
3069,2504464,3.2,10
3070,1960620,2.3,10
3071,2828578,2.6,10
3072,2783683,2.6,10
3073,2588636,3.0,10
3074,1367251,1.8,10
3075,2820659,2.7,10
3076,749211,2.1,10
3077,132550,2.3,10
3078,2643387,2.2,10
3079,2638785,2.5,10
3080,1053768,2.2,10
3081,2779047,2.2,10
3082,612323,3.2,10
3083,2649976,2.9,10
3084,2559938,2.0,10
3085,2535202,2.0,10
3086,2527233,2.0,10
3087,2717492,3.0,10
3088,2820298,2.6,10
3089,2790490,2.7,10
3090,604009,2.4,10
3091,1346886,2.7,10
3092,2757076,3.0,10
3093,2820292,2.0,10
3094,2815625,2.8,10
3095,2819611,2.6,10
3096,2650800,2.7,10
3097,2606216,3.0,10
3098,2717562,2.8,10
3099,2633954,2.8,10
3100,1626187,3.0,10
3101,2713277,2.2,10
3102,128170,2.0,10
3103,2781336,3.4,10
3104,612826,3.2,10
3105,2820721,2.7,10
3106,2513410,1.8,10
3107,2470392,2.9,10
3108,2507433,2.5,10
3109,2793217,2.4,10
3110,2820733,2.5,10
3111,2786944,3.4,10
3112,1021339,2.0,10
3113,2820158,2.2,10
3114,1046349,2.6,10
3115,2614909,3.5,10
3116,2366462,3.0,10
3117,704507,2.7,10
3118,704506,2.4,10
3119,128015,2.4,10
3120,735749,3.2,10
3121,1845253,3.0,10
3122,2037020,3.2,10
3123,2714563,3.0,10
3124,127373,2.4,10
3125,1995934,2.6,10
3126,2606192,2.9,10
3127,786376,2.2,10
3128,2774278,3.2,10
3129,128788,2.8,10
3130,129452,2.6,10
3131,2782254,2.4,10
3132,2022313,3.2,10
3133,128578,2.8,10
3134,2787329,1.9,10
3135,689931,3.1,10
3136,2725113,3.4,10
3137,2717337,2.8,10
3138,2605271,3.0,10
3139,2662682,2.5,10
3140,2569391,2.2,10
3141,2725025,2.6,10
3142,2606231,2.9,10
3143,704503,3.4,10
3144,2782912,3.0,10
3145,2369002,2.6,10
3146,2607513,2.4,10
3147,127142,2.1,10
3148,612042,2.6,10
3149,1938168,3.0,10
3150,2607147,2.8,10
3151,2788111,3.1,10
3152,2790011,3.7,10
3153,2751131,2.8,10
3154,2664187,3.8,10
3155,2782766,2.0,10
3156,1938398,3.0,10
3157,2614910,3.0,10
3158,2667588,2.4,10
3159,2613664,2.8,10
3160,2732271,2.4,10
3161,2738384,3.4,10
3162,2717549,2.2,10
3163,2792555,2.5,10
3164,2782487,2.2,10
3165,2717555,2.8,10
3166,2788031,2.7,10
3167,2781621,3.2,10
3168,2670789,3.1,10
3169,2742711,2.8,10
3170,1964622,3.0,10
3171,2612804,2.3,10
3172,2766519,3.1,10
3173,2589895,2.4,10
3174,2751455,3.3,10
3175,2783484,3.2,10
3176,699249,2.8,10
3177,612940,2.4,10
3178,2752492,2.9,10
3179,2704353,2.8,10
3180,987720,2.6,10
3181,2568703,3.6,10
3182,2650828,3.4,10
3183,128553,2.0,10
3184,2717494,3.4,10
3185,2778525,2.3,10
3186,129468,3.8,10
3187,749280,3.0,10
3188,2820680,2.0,10
3189,2584776,2.4,10
3190,2661452,2.9,10
3191,2590647,2.0,10
3192,129278,3.6,10
3193,2611137,2.6,10
3194,782884,3.2,10
3195,611917,2.4,10
3196,998882,3.4,10
3197,228875,2.0,10
3198,2736416,2.4,10
3199,2771373,3.0,10
3200,126823,2.8,10
3201,2766604,2.4,10
3202,2782890,2.6,10
3203,2650221,1.7,10
3204,125810,3.2,10
3205,2603494,3.4,10
3206,611729,3.0,10
3207,2612107,3.0,10
3208,1105980,2.7,10
3209,2611669,2.8,10
3210,2611575,2.2,10
3211,1566740,2.5,10
3212,128919,2.9,10
3213,2561208,2.0,10
3214,2743740,3.0,10
3215,2717604,3.6,10
3216,2798764,2.6,10
3217,2592885,2.2,10
3218,2775339,3.4,10
3219,128792,3.0,10
3220,128046,3.4,10
3221,2784040,4.0,10
3222,264375,2.3,10
3223,2777977,2.8,10
3224,2674942,2.9,10
3225,612352,3.0,10
3226,749355,2.8,10
3227,1185331,2.5,10
3228,2725120,2.4,10
3229,2638521,3.2,10
3230,2606219,2.4,10
3231,2606217,3.4,10
3232,2821732,3.4,10
3233,2633895,2.0,10
3234,2615114,2.3,10
3235,2798729,3.2,10
3236,2792718,3.0,10
3237,2725128,1.8,10
3238,2615315,2.6,10
3239,2733074,3.1,10
3240,2602932,3.0,10
3241,611529,2.6,10
3242,2782452,2.7,10
3243,612752,3.0,10
3244,1039170,2.5,10
3245,2798474,2.8,10
3246,2782688,2.6,10
3247,2775336,3.4,10
3248,2820892,3.0,10
3249,2037306,2.9,10
3250,2611155,2.6,10
3251,2787469,3.0,10
3252,2721231,2.9,10
3253,612693,2.5,10
3254,1988481,2.9,10
3255,2523151,3.2,10
3256,126495,3.6,10
3257,613127,2.8,10
3258,612497,2.8,10
3259,2530538,3.3,10
3260,2611134,2.7,10
3261,2638480,3.2,10
3262,2782736,2.6,10
3263,2753977,2.4,10
3264,2018386,2.8,10
3265,2612815,3.3,10
3266,2366761,2.6,10
3267,2814485,3.0,10
3268,2753119,2.8,10
3269,2781335,2.7,10
3270,2796988,2.8,10
3271,2789668,2.8,10
3272,2605277,3.0,10
3273,2765493,3.8,10
3274,2820820,1.9,10
3275,2784730,3.0,10
3276,2551138,3.0,10
3277,132505,2.7,10
3278,132238,2.3,10
3279,2591826,2.8,10
3280,713110,2.6,10
3281,2710608,2.8,10
3282,2822120,3.3,10
3283,612807,2.9,10
3284,2667611,3.0,10
3285,2747749,2.8,10
3286,780778,2.8,10
3287,1620936,2.5,10
3288,2708108,2.5,10
3289,2763775,1.8,10
3290,2366507,2.4,10
3291,132613,2.4,10
3292,1019182,2.6,10
3293,2650771,2.2,10
3294,2676339,3.4,10
3295,2638481,2.0,10
3296,2717600,2.6,10
3297,2594360,2.8,10
3298,2650046,3.0,10
3299,2366475,2.8,10
3300,264353,2.2,10
3301,132219,2.6,10
3302,1623668,1.8,10
3303,264512,2.9,10
3304,1617796,3.0,10
3305,132509,2.9,10
3306,2613637,3.0,10
3307,2649950,2.5,10
3308,1104992,2.9,10
3309,2606603,2.0,10
3310,2401757,2.6,10
3311,2662610,3.0,10
3312,2795516,3.6,10
3313,2381176,2.2,10
3314,2638479,2.7,10
3315,2615296,2.7,10
3316,2779027,3.7,10
3317,699279,2.8,10
3318,612964,2.4,10
3319,2754497,2.7,10
3320,1082315,2.6,10
3321,1626412,3.4,10
3322,2775016,2.9,10
3323,2819644,2.6,10
3324,2752449,2.2,10
3325,2606577,3.7,10
3326,2606240,2.9,10
3327,1594374,1.8,10
3328,2539757,2.2,10
3329,127854,2.2,10
3330,2796959,2.4,10
3331,2786985,2.4,10
3332,2820683,2.6,10
3333,2662684,2.2,10
3334,1987563,2.4,10
3335,1992621,2.8,10
3336,2790507,2.8,10
3337,2505896,3.9,10
3338,2638441,2.6,10
3339,1206420,2.6,10
3340,2774290,1.9,10
3341,2789645,2.0,10
3342,1812994,3.0,10
3343,132202,2.3,10
3344,1304515,2.6,10
3345,2725101,2.6,10
3346,2778518,3.1,10
3347,2782761,3.1,10
3348,2788276,3.4,10
3349,2737105,2.6,10
3350,2663155,3.6,10
3351,1944751,3.1,10
3352,2615323,3.0,10
3353,2788149,2.4,10
3354,2793237,3.0,10
3355,2616164,2.9,10
3356,2606741,3.2,10
3357,2798428,2.0,10
3358,2789698,3.4,10
3359,2715752,2.5,10
3360,2789672,2.8,10
3361,1667155,2.6,10
3362,1938403,2.5,10
3363,2674993,2.2,10
3364,1905110,3.6,10
3365,619222,2.4,10
3366,612386,2.6,10
3367,2783882,2.8,10
3368,612541,2.2,10
3369,699587,3.0,10
3370,2741610,3.8,10
3371,2605906,2.2,10
3372,1310950,2.8,10
3373,2737280,2.4,10
3374,584929,1.7,10
3375,2717605,2.1,10
3376,2798404,2.4,10
3377,126533,2.0,10
3378,1967801,3.1,10
3379,2766536,2.6,10
3380,2607673,3.4,10
3381,2511261,2.4,10
3382,613150,2.6,10
3383,126004,2.2,10
3384,1908249,2.3,10
3385,2606296,2.2,10
3386,264370,3.0,10
3387,2605916,2.6,10
3388,2605927,2.9,10
3389,612425,2.2,10
3390,264432,2.6,10
3391,264434,2.0,10
3392,1330521,2.8,10
3393,2613451,2.8,10
3394,128010,2.8,10
3395,2393927,3.2,10
3396,2765534,3.6,10
3397,2390406,2.6,10
3398,2852296,2.3,10
3399,2366429,3.0,10
3400,1116719,2.8,10
3401,2496023,3.1,10
3402,992130,3.2,10
3403,753850,3.2,10
3404,2737316,3.2,10
3405,2649820,2.9,10
3406,1809602,3.4,10
3407,634243,3.2,10
3408,2610062,2.6,10
3409,778402,2.9,10
3410,2605809,3.0,10
3411,2820999,2.1,10
3412,2655466,3.4,10
3413,2793140,3.1,10
3414,533874,2.4,10
3415,2611147,2.8,10
3416,2753138,3.1,10
3417,611704,2.6,10
3418,2746709,2.8,10
3419,1626349,2.4,10
3420,2713393,2.5,10
3421,2787304,3.6,10
3422,2798329,3.6,10
3423,2850703,2.8,10
3424,2605926,3.1,10
3425,2820893,2.4,10
3426,2820838,2.5,10
3427,1922709,3.2,10
3428,612915,2.4,10
3429,2820331,3.7,10
3430,2638529,2.4,10
3431,2820706,2.6,10
3432,2685807,3.4,10
3433,2612074,1.9,10
3434,319427,2.8,10
3435,612796,3.2,10
3436,2820707,3.1,10
3437,2788049,3.0,10
3438,2820208,2.4,10
3439,2793253,2.6,10
3440,2793110,1.8,10
3441,129001,3.0,10
3442,1928360,3.0,10
3443,2657848,3.2,10
3444,2638442,2.3,10
3445,2753854,2.8,10
3446,742022,2.8,10
3447,2744514,2.8,10
3448,2746352,2.8,10
3449,2783306,2.4,10
3450,2764090,2.5,10
3451,1304431,3.3,10
3452,2745995,2.7,10
3453,615822,2.2,10
3454,612790,3.2,10
3455,2821865,3.0,10
3456,2662729,2.6,10
3457,128168,3.3,10
3458,2724860,2.6,10
3459,2662531,3.0,10
3460,130090,2.4,10
3461,130869,3.6,10
3462,130733,2.7,10
3463,1927047,2.7,10
3464,2001650,3.7,10
3465,1622179,2.6,10
3466,2656739,2.7,10
3467,1622558,2.4,10
3468,130222,2.4,10
3469,2754480,2.6,10
3470,2795251,3.0,10
3471,2608708,1.8,10
3472,2612901,3.2,10
3473,1105623,2.6,10
3474,916103,2.2,10
3475,2744492,2.7,10
3476,2638440,3.0,10
3477,129549,2.2,10
3478,2613463,3.0,10
3479,2606224,2.4,10
3480,2733394,3.4,10
3481,2782651,3.0,10
3482,2732668,2.2,10
3483,2733545,3.0,10
3484,2779116,2.0,10
3485,126699,3.4,10
3486,2603493,2.8,10
3487,2660046,2.6,10
3488,2736727,2.2,10
3489,130097,3.6,10
3490,129446,1.7,10
3491,660722,2.4,10
3492,2033294,2.2,10
3493,2037694,3.0,10
3494,1956986,2.0,10
3495,2488233,2.4,10
3496,2654508,2.4,10
3497,2385666,3.2,10
3498,852304,2.6,10
3499,2009775,2.4,10
3500,2545920,2.9,10
3501,130963,2.6,10
3502,2551424,2.1,10
3503,2655877,2.1,10
3504,129785,3.0,10
3505,2766538,2.4,10
3506,2638444,3.5,10
3507,129896,3.2,10
3508,2014616,3.4,10
3509,1624871,2.2,10
3510,130098,3.2,10
3511,2852156,1.8,10
3512,2366217,2.1,10
3513,2757468,3.4,10
3514,2719828,2.5,10
3515,1000981,2.6,10
3516,2674680,3.3,10
3517,2633947,2.9,10
3518,2756603,3.4,10
3519,130329,2.5,10
3520,2745725,2.2,10
3521,127621,3.4,10
3522,129807,1.8,10
3523,2507011,2.7,10
3524,2658207,2.8,10
3525,2660398,2.8,10
3526,2645244,2.0,10
3527,1992063,2.0,10
3528,2732578,3.0,10
3529,1267185,2.7,10
3530,130234,1.8,10
3531,2784268,3.1,10
3532,2812255,2.6,10
3533,2745731,2.5,10
3534,1113463,2.0,10
3535,130096,3.1,10
3536,130712,2.6,10
3537,129447,2.2,10
3538,2787144,2.6,10
3539,231970,2.2,10
3540,2759993,3.4,10
3541,2833944,2.8,10
3542,2757176,2.2,10
3543,130667,3.2,10
3544,2638472,2.4,10
3545,2742100,2.3,10
3546,2784004,3.3,10
3547,2823558,3.0,10
3548,1251806,2.2,10
3549,1186650,3.1,10
3550,1964617,2.5,10
3551,2733503,3.1,10
3552,130731,3.0,10
3553,2753089,2.8,10
3554,2782193,2.9,10
3555,2666750,2.5,10
3556,130774,2.8,10
3557,2760793,3.6,10
3558,2751612,3.5,10
3559,735890,2.2,10
3560,2406470,2.0,10
3561,2751858,2.4,10
3562,2615319,3.3,10
3563,1181087,2.4,10
3564,2733832,2.1,10
3565,2769562,2.8,10
3566,130432,3.6,10
3567,2536634,3.0,10
3568,2607311,2.5,10
3569,1908176,2.8,10
3570,1908192,3.1,10
3571,130274,2.6,10
3572,2733539,3.3,10
3573,130909,3.2,10
3574,2782560,2.6,10
3575,2609839,2.8,10
3576,2638520,2.1,10
3577,742820,2.2,10
3578,130696,3.2,10
3579,1932440,2.8,10
3580,1998842,2.5,10
3581,2732402,2.0,10
3582,2782711,2.6,10
3583,2607179,2.8,10
3584,594065,2.5,10
3585,705088,2.8,10
3586,2766410,2.6,10
3587,1069896,2.4,10
3588,130875,3.0,10
3589,128218,2.4,10
3590,130683,2.9,10
3591,2733367,2.8,10
3592,2758461,2.6,10
3593,2782527,2.7,10
3594,2565356,2.8,10
3595,1607637,2.6,10
3596,1243628,2.8,10
3597,2764008,3.2,10
3598,130737,2.4,10
3599,2037459,3.0,10
3600,1608766,2.2,10
3601,2710922,2.8,10
3602,2606578,3.1,10
3603,2821711,3.1,10
3604,130452,2.8,10
3605,2825375,2.4,10
3606,2825252,3.0,10
3607,129012,2.2,10
3608,2568592,3.3,10
3609,2648984,2.4,10
3610,2623664,3.2,10
3611,2654485,2.8,10
3612,1999964,2.2,10
3613,130453,2.6,10
3614,130677,2.6,10
3615,130454,2.4,10
3616,2043879,2.6,10
3617,2613272,3.1,10
3618,250413,3.4,10
3619,130152,3.4,10
3620,2773382,3.8,10
3621,130170,2.0,10
3622,2638478,2.8,10
3623,1897833,2.2,10
3624,1845410,2.4,10
3625,229910,3.0,10
3626,130937,2.4,10
3627,2751303,3.0,10
3628,2606585,3.0,10
3629,646954,2.7,10
3630,2784717,2.7,10
3631,2623238,2.8,10
3632,815197,2.5,10
3633,2647918,2.5,10
3634,129689,2.5,10
3635,1051363,3.0,10
3636,2734928,3.8,10
3637,2739467,2.6,10
3638,1627305,3.5,10
3639,2612813,2.3,10
3640,130703,2.5,10
3641,2648061,2.6,10
3642,2783374,2.6,10
3643,2783355,2.8,10
3644,130858,2.4,10
3645,619141,2.7,10
3646,2707902,2.8,10
3647,2769748,3.6,10
3648,2833492,2.6,10
3649,130672,2.8,10
3650,130736,2.7,10
3651,130146,3.0,10
3652,2755677,3.6,10
3653,2612093,2.6,10
3654,1413224,1.9,10
3655,2607688,2.8,10
3656,804318,2.4,10
3657,1285440,3.0,10
3658,2745602,2.4,10
3659,2733057,3.0,10
3660,2736429,2.4,10
3661,2405963,2.2,10
3662,130702,3.2,10
3663,128718,3.3,10
3664,1131061,3.2,10
3665,2514001,2.9,10
3666,2783520,1.5,10
3667,2660802,2.6,10
3668,2782961,3.2,10
3669,130504,3.5,10
3670,2732148,2.6,10
3671,2785997,3.2,10
3672,661980,2.8,10
3673,2785958,3.8,10
3674,2778182,3.2,10
3675,2794700,2.4,10
3676,2676283,2.8,10
3677,2815536,3.2,10
3678,2753398,2.8,10
3679,126314,3.0,10
3680,848148,2.6,10
3681,2788189,2.9,10
3682,1059727,2.7,10
3683,129275,3.1,10
3684,2784352,2.7,10
3685,1942314,2.2,10
3686,2033055,3.2,10
3687,2606761,2.9,10
3688,2778041,2.4,10
3689,2633909,3.2,10
3690,2779442,3.2,10
3691,2648385,2.0,10
3692,2768208,2.6,10
3693,1851364,2.6,10
3694,2782738,1.7,10
3695,2662902,1.9,10
3696,130741,2.8,10
3697,1054895,2.6,10
3698,2736381,2.2,10
3699,2633952,2.7,10
3700,2752810,1.9,10
3701,2591885,2.8,10
3702,126138,2.6,10
3703,2007117,1.8,10
3704,2777939,3.2,10
3705,2638443,2.6,10
3706,2790984,3.2,10
3707,130812,1.4,10
3708,130148,3.6,10
3709,130357,2.9,10
3710,1586964,3.1,10
3711,2605913,2.8,10
3712,2390748,2.2,10
3713,2514062,2.5,10
3714,2636613,3.2,10
3715,2406460,3.4,10
3716,130872,2.7,10
3717,2660122,2.8,10
3718,127948,3.2,10
3719,2753912,3.8,10
3720,129461,3.2,10
3721,1624811,2.7,10
3722,662140,3.4,10
3723,662127,3.5,10
3724,2601703,3.0,10
3725,1331286,2.4,10
3726,130862,2.6,10
3727,2744491,3.0,10
3728,1393632,2.6,10
3729,790937,2.8,10
3730,2370290,2.8,10
3731,130318,2.9,10
3732,1391518,3.4,10
3733,1906578,3.2,10
3734,1798541,2.7,10
3735,2524183,2.2,10
3736,229904,3.0,10
3737,690984,3.2,10
3738,1627209,2.8,10
3739,231978,2.2,10
3740,2756910,2.4,10
3741,130954,2.9,10
3742,1938381,2.8,10
3743,130548,2.7,10
3744,2614908,1.7,10
3745,2653208,3.2,10
3746,2766447,2.6,10
3747,2780342,3.2,10
3748,2752129,2.5,10
3749,2733119,3.0,10
3750,2606222,3.0,10
3751,2710914,2.5,10
3752,736123,2.6,10
3753,2710923,2.4,10
3754,2789872,3.0,10
3755,2763798,3.0,10
3756,2782811,2.4,10
3757,2768192,3.1,10
3758,229906,2.6,10
3759,2764988,2.4,10
3760,2605804,2.2,10
3761,2366225,2.9,10
3762,1323323,3.2,10
3763,2733150,2.6,10
3764,130319,2.8,10
3765,2648051,2.6,10
3766,130542,3.0,10
3767,2778049,3.5,10
3768,130323,2.8,10
3769,2767868,2.6,10
3770,130555,3.5,10
3771,130141,2.9,10
3772,2751316,3.0,10
3773,1907759,2.1,10
3774,129798,2.4,10
3775,2782184,3.2,10
3776,2753817,2.1,10
3777,2759936,2.8,10
3778,2746023,2.2,10
3779,2633913,3.0,10
3780,2784047,3.6,10
3781,2783045,2.4,10
3782,2019594,2.6,10
3783,1925403,3.4,10
3784,759866,2.2,10
3785,1988024,2.8,10
3786,750105,3.7,10
3787,2782872,2.6,10
3788,1911160,2.6,10
3789,2660801,2.2,10
3790,2732346,3.0,10
3791,1627312,3.0,10
3792,1619680,2.2,10
3793,2779126,2.4,10
3794,750126,3.0,10
3795,2760939,2.8,10
3796,2614913,3.1,10
3797,2811110,3.0,10
3798,2782800,2.0,10
3799,2784143,2.9,10
3800,2739432,3.1,10
3801,736620,2.0,10
3802,2825248,3.3,10
3803,2650054,2.6,10
3804,2751339,2.0,10
3805,2754756,2.6,10
3806,2833824,2.8,10
3807,2707934,3.3,10
3808,1125796,3.2,10
3809,252654,2.8,10
3810,1918263,4.0,10
3811,644085,2.6,10
3812,2848495,3.0,10
3813,130668,2.0,10
3814,250469,2.5,10
3815,742171,3.0,10
3816,250468,2.4,10
3817,2008556,3.0,10
3818,130877,2.6,10
3819,250465,2.4,10
3820,2834048,3.2,10
3821,229901,3.0,10
3822,250466,3.4,10
3823,252655,2.6,10
3824,129854,2.6,10
3825,129898,3.2,10
3826,130611,2.4,10
3827,130338,2.7,10
3828,130511,2.4,10
3829,2834026,3.2,10
3830,745873,3.4,10
3831,130573,2.7,10
3832,2591878,3.2,10
3833,130840,2.6,10
3834,2713397,1.6,10
3835,130577,3.2,10
3836,130581,3.0,10
3837,1381088,2.6,10
3838,130568,3.2,10
3839,129927,3.0,10
3840,130614,2.7,10
3841,130571,2.2,10
3842,130190,3.4,10
3843,130616,2.4,10
3844,130617,1.8,10
3845,1252563,2.5,10
3846,129902,2.6,10
3847,130583,2.3,10
3848,129924,2.1,10
3849,1005620,2.8,10
3850,130621,2.9,10
3851,129917,2.7,10
3852,2543000,3.0,10
3853,130613,1.8,10
3854,129922,3.0,10
3855,749479,2.6,10
3856,130362,2.2,10
3857,130597,2.4,10
3858,2484861,2.5,10
3859,745781,2.0,10
3860,130587,2.3,10
3861,774675,2.0,10
3862,631278,4.0,10
3863,130278,2.8,10
3864,2752134,2.4,10
3865,2739448,2.7,10
3866,2034106,1.9,10
3867,129761,2.9,10
3868,130570,2.7,10
3869,2439216,2.7,10
3870,129764,3.0,10
3871,130173,2.7,10
3872,1934593,3.4,10
3873,2598367,3.0,10
3874,129918,2.9,10
3875,798017,2.2,10
3876,2778062,3.4,10
3877,130302,2.6,10
3878,2612291,3.0,10
3879,736915,2.1,10
3880,130723,3.2,10
3881,2610491,2.4,10
3882,130623,1.6,10
3883,2713583,3.2,10
3884,2633971,3.2,10
3885,130585,2.5,10
3886,2781535,3.0,10
3887,589639,2.6,10
3888,2492782,3.0,10
3889,129900,2.4,10
3890,1060264,3.0,10
3891,2559504,2.5,10
3892,130913,2.4,10
3893,2791411,3.0,10
3894,2740014,2.4,10
3895,129906,2.4,10
3896,129921,2.6,10
3897,130624,3.3,10
3898,130268,3.4,10
3899,2737289,2.6,10
3900,130459,2.8,10
3901,130626,3.1,10
3902,130348,2.6,10
3903,130551,3.0,10
3904,129845,3.6,10
3905,736766,2.4,10
3906,1944709,2.3,10
3907,129903,2.2,10
3908,2554094,2.8,10
3909,129932,3.0,10
3910,509267,3.4,10
3911,130579,2.8,10
3912,2751586,3.2,10
3913,1845434,2.6,10
3914,130593,3.2,10
3915,2553395,3.0,10
3916,130525,2.6,10
3917,130704,2.7,10
3918,631478,3.2,10
3919,2659216,2.5,10
3920,129909,2.3,10
3921,129770,3.2,10
3922,130279,2.6,10
3923,2754453,2.4,10
3924,130887,2.8,10
3925,130117,3.2,10
3926,2555853,3.4,10
3927,130591,2.2,10
3928,2623847,3.1,10
3929,2633832,2.0,10
3930,2371028,2.4,10
3931,2354323,3.4,10
3932,2613675,2.4,10
3933,130627,2.9,10
3934,2835583,3.6,10
3935,130510,2.2,10
3936,2739454,3.8,10
3937,130493,2.8,10
3938,130628,3.2,10
3939,1684728,3.0,10
3940,631003,2.6,10
3941,129846,2.7,10
3942,130629,2.2,10
3943,130630,2.7,10
3944,2398146,3.2,10
3945,2550763,3.0,10
3946,130113,2.4,10
3947,2832753,2.2,10
3948,747530,2.4,10
3949,1839022,2.8,10
3950,130622,2.7,10
3951,130166,3.4,10
3952,2605688,2.9,10
3953,2569502,2.8,10
3954,2784182,2.6,10
3955,2833763,3.0,10
3956,1106194,2.6,10
3957,130498,3.2,10
3958,736807,3.0,10
3959,129767,3.0,10
3960,2782759,3.4,10
3961,1878255,2.2,10
3962,130881,2.8,10
3963,130158,2.8,10
3964,1866427,1.9,10
3965,130071,2.7,10
3966,268186,2.2,10
3967,130709,2.4,10
3968,130466,2.8,10
3969,2783512,3.0,10
3970,129905,2.7,10
3971,2554994,3.0,10
3972,130154,3.1,10
3973,2784050,2.4,10
3974,129912,2.0,10
3975,130640,3.5,10
3976,2756728,3.2,10
3977,130823,2.6,10
3978,2751444,3.0,10
3979,1623916,2.2,10
3980,2758549,3.2,10
3981,129937,3.4,10
3982,2477623,2.4,10
3983,130076,2.2,10
3984,2782156,2.8,10
3985,2033483,2.2,10
3986,130711,3.4,10
3987,615222,3.0,10
3988,130305,2.5,10
3989,774718,2.6,10
3990,130842,2.8,10
3991,130635,2.6,10
3992,2739471,2.2,10
3993,2736360,2.4,10
3994,130403,3.0,10
3995,2773303,2.6,10
3996,2704339,3.2,10
3997,130638,2.2,10
3998,2761689,3.2,10
3999,2611162,1.4,10
4000,2758880,2.8,10
4001,782856,3.0,10
4002,2783540,2.7,10
4003,2734962,3.2,10
4004,2551925,2.4,10
4005,1926610,2.6,10
4006,2764949,2.6,10
4007,130637,3.6,10
4008,2615316,3.3,10
4009,2806218,2.3,10
4010,2766513,3.2,10
4011,2569482,2.8,10
4012,129931,3.4,10
4013,2732538,2.6,10
4014,130128,1.8,10
4015,1295827,2.8,10
4016,2605828,2.8,10
4017,2639878,2.0,10
4018,2753057,3.0,10
4019,2606148,2.7,10
4020,129851,2.4,10
4021,2623675,2.2,10
4022,2606690,2.8,10
4023,130509,2.9,10
4024,130639,2.8,10
4025,130080,3.2,10
4026,130306,2.9,10
4027,2778070,2.4,10
4028,2835591,2.6,10
4029,129928,1.8,10
4030,2648390,1.8,10
4031,130705,1.8,10
4032,590097,3.2,10
4033,2755486,2.6,10
4034,129762,2.6,10
4035,2695899,2.2,10
4036,130251,2.7,10
4037,2396368,2.9,10
4038,130227,2.4,10
4039,743034,2.4,10
4040,130270,2.9,10
4041,2606611,2.4,10
4042,1202753,2.8,10
4043,2676018,3.7,10
4044,2606124,1.7,10
4045,129769,2.4,10
4046,2778026,1.6,10
4047,2037231,3.2,10
4048,1615946,2.2,10
4049,2798027,2.3,10
4050,130692,2.8,10
4051,2633903,2.8,10
4052,2742247,2.4,10
4053,129938,1.9,10
4054,1116733,2.2,10
4055,759595,2.7,10
4056,597562,2.7,10
4057,2514838,2.1,10
4058,129768,2.4,10
4059,2795833,2.6,10
4060,2553922,3.2,10
4061,129933,3.1,10
4062,790195,2.2,10
4063,2514804,3.0,10
4064,2620588,3.2,10
4065,130436,2.0,10
4066,2763024,2.8,10
4067,130595,1.9,10
4068,1627090,2.2,10
4069,2766537,3.0,10
4070,2671122,3.0,10
4071,129930,2.2,10
4072,2392454,2.4,10
4073,2007772,2.8,10
4074,2714028,2.8,10
4075,130841,2.4,10
4076,757630,3.2,10
4077,130272,2.2,10
4078,1810489,3.4,10
4079,736133,2.8,10
4080,2836855,2.2,10
4081,130226,2.6,10
4082,2406280,3.0,10
4083,129852,2.4,10
4084,130645,2.9,10
4085,2822357,2.8,10
4086,129908,1.9,10
4087,2773766,2.7,10
4088,130264,2.4,10
4089,2739479,3.7,10
4090,130602,2.8,10
4091,1605942,2.3,10
4092,129763,3.4,10
4093,130301,2.4,10
4094,130959,2.6,10
4095,2485108,2.6,10
4096,2767802,1.8,10
4097,2607010,3.2,10
4098,2552255,2.1,10
4099,2553414,2.4,10
4100,130775,2.2,10
4101,2488585,2.2,10
4102,2371001,2.3,10
4103,2733423,2.2,10
4104,129765,2.6,10
4105,129760,3.2,10
4106,2606141,2.1,10
4107,2783567,2.0,10
4108,613775,2.6,10
4109,2539350,2.9,10
4110,735013,2.4,10
4111,2642613,2.0,10
4112,2773265,2.5,10
4113,2739443,2.7,10
4114,130424,2.4,10
4115,130220,3.4,10
4116,2772315,2.8,10
4117,1750737,2.8,10
4118,130219,3.0,10
4119,130489,3.0,10
4120,130507,3.1,10
4121,130290,2.7,10
4122,130549,3.0,10
4123,130221,3.4,10
4124,1054221,2.8,10
4125,130299,3.4,10
4126,1621022,2.2,10
4127,969963,3.1,10
4128,561610,2.4,10
4129,968389,3.4,10
4130,129739,3.0,10
4131,130353,2.4,10
4132,129724,2.5,10
4133,1105871,1.9,10
4134,130346,3.0,10
4135,1019327,3.6,10
4136,2638136,1.8,10
4137,697787,1.4,10
4138,1255726,3.4,10
4139,130699,3.2,10
4140,1022231,2.2,10
4141,130480,2.4,10
4142,1750763,3.6,10
4143,130100,3.2,10
4144,130411,3.4,10
4145,130191,2.2,10
4146,130410,2.7,10
4147,1117178,2.6,10
4148,1116566,2.3,10
4149,130665,2.8,10
4150,129736,2.2,10
4151,1125312,3.2,10
4152,130553,2.8,10
4153,1619338,2.8,10
4154,130049,2.8,10
4155,129734,2.5,10
4156,130514,1.8,10
4157,1022243,2.6,10
4158,129742,2.4,10
4159,130229,1.7,10
4160,1925000,2.6,10
4161,1138199,2.1,10
4162,650997,3.0,10
4163,748186,2.6,10
4164,1022196,3.2,10
4165,2377785,3.5,10
4166,130503,2.9,10
4167,130899,3.4,10
4168,2795559,3.2,10
4169,130404,2.3,10
4170,130286,3.0,10
4171,2655975,2.2,10
4172,333121,3.0,10
4173,129737,2.6,10
4174,1755818,3.4,10
4175,130293,3.5,10
4176,1439094,2.9,10
4177,130324,2.4,10
4178,129743,2.6,10
4179,130886,2.2,10
4180,130508,3.2,10
4181,407057,3.0,10
4182,129750,3.1,10
4183,2469662,2.5,10
4184,130478,3.0,10
4185,130845,3.0,10
4186,130244,2.2,10
4187,770036,3.0,10
4188,130482,2.1,10
4189,130295,2.9,10
4190,130610,3.2,10
4191,130296,2.6,10
4192,129735,2.4,10
4193,130781,2.8,10
4194,1115451,2.4,10
4195,130203,3.2,10
4196,130095,1.6,10
4197,130094,3.2,10
4198,509257,2.2,10
4199,1624089,2.8,10
4200,2581396,2.8,10
4201,2782534,2.1,10
4202,130230,3.6,10
4203,2749164,2.5,10
4204,130185,2.9,10
4205,2751979,2.5,10
4206,1030695,2.8,10
4207,1180762,1.8,10
4208,129752,3.8,10
4209,130556,2.6,10
4210,130547,2.8,10
4211,2747170,2.7,10
4212,129814,2.8,10
4213,2754295,3.0,10
4214,2790974,2.8,10
4215,1113537,2.8,10
4216,130406,3.2,10
4217,130243,2.9,10
4218,1188653,2.1,10
4219,2739475,2.9,10
4220,130701,2.8,10
4221,130103,3.0,10
4222,1730375,2.4,10
4223,1751182,3.6,10
4224,130258,2.8,10
4225,2758361,2.4,10
4226,130524,3.2,10
4227,130259,3.0,10
4228,129730,3.0,10
4229,130257,2.2,10
4230,2606169,2.6,10
4231,130409,3.2,10
4232,231968,3.4,10
4233,129726,2.6,10
4234,129738,3.8,10
4235,130292,2.1,10
4236,1752823,2.8,10
4237,1626011,3.0,10
4238,130054,3.2,10
4239,1594841,2.6,10
4240,987913,3.0,10
4241,2524190,2.8,10
4242,130042,2.3,10
4243,129895,2.8,10
4244,130512,3.0,10
4245,129753,3.2,10
4246,2751700,3.6,10
4247,130863,2.7,10
4248,130328,2.4,10
4249,1112029,2.6,10
4250,130064,3.0,10
4251,1279232,2.6,10
4252,129759,2.5,10
4253,130487,3.2,10
4254,130041,3.0,10
4255,130695,2.7,10
4256,130108,2.5,10
4257,1019271,2.4,10
4258,2638512,2.8,10
4259,130139,4.2,10
4260,1730614,2.4,10
4261,1899703,3.1,10
4262,645791,3.2,10
4263,129731,2.4,10
4264,130684,2.4,10
4265,757027,2.7,10
4266,130069,3.2,10
4267,130435,3.4,10
4268,129749,2.2,10
4269,2753376,2.4,10
4270,129723,3.4,10
4271,130315,2.9,10
4272,128271,2.9,10
4273,1115838,2.1,10
4274,130261,2.7,10
4275,1389382,2.4,10
4276,129756,3.0,10
4277,2744398,1.5,10
4278,2380303,2.8,10
4279,2738033,2.8,10
4280,2501597,2.4,10
4281,1250301,2.9,10
4282,2739435,2.8,10
4283,129732,2.2,10
4284,397572,2.6,10
4285,130289,3.2,10
